kind,seed,cycle_error,loop_error,true_transform_error,is_wrong,part,split
correct,1001,0.19976185223581117,0.542737038366087,0.2826069422970336,False,B,calibration
lattice_all_edges,1001,0.0,190.07904237102366,64.0,True,B,calibration
lattice_one_edge,1001,0.0,62.74509803921568,64.0,True,B,calibration
symmetric_wrong,1001,0.0,62.74509803921568,64.0,True,B,calibration
correct,1014,0.44958174666565354,0.694383799866534,0.28601475839409696,False,B,calibration
lattice_all_edges,1014,0.0,190.07904237102366,64.0,True,B,calibration
lattice_one_edge,1014,0.0,62.74509803921568,64.0,True,B,calibration
symmetric_wrong,1014,0.0,62.74509803921568,64.0,True,B,calibration
correct,1027,0.6426970355669632,0.6443684339893601,0.23026262790738436,False,B,calibration
lattice_all_edges,1027,0.0,190.07904237102366,64.0,True,B,calibration
lattice_one_edge,1027,0.0,62.74509803921568,64.0,True,B,calibration
symmetric_wrong,1027,0.0,62.74509803921568,64.0,True,B,calibration
correct,1040,0.4149531127405757,0.9660196150735334,0.23681449076800445,False,B,calibration
lattice_all_edges,1040,0.0,190.07904237102366,64.0,True,B,calibration
lattice_one_edge,1040,0.0,62.74509803921568,64.0,True,B,calibration
symmetric_wrong,1040,0.0,62.74509803921568,64.0,True,B,calibration
correct,1053,0.47320128580435394,0.6418433708544469,0.30589475367389823,False,B,calibration
lattice_all_edges,1053,0.0,190.07904237102366,64.0,True,B,calibration
lattice_one_edge,1053,0.0,62.74509803921568,64.0,True,B,calibration
symmetric_wrong,1053,0.0,62.74509803921568,64.0,True,B,calibration
correct,1066,0.2700796756241646,0.17092962186086114,0.21873480953020108,False,B,calibration
lattice_all_edges,1066,0.0,190.07904237102366,64.0,True,B,calibration
lattice_one_edge,1066,0.0,62.74509803921568,64.0,True,B,calibration
symmetric_wrong,1066,0.0,62.74509803921568,64.0,True,B,calibration
correct,1079,0.4313915899076275,0.5953566226033392,0.6515334011487187,False,B,calibration
lattice_all_edges,1079,0.0,190.07904237102366,64.0,True,B,calibration
lattice_one_edge,1079,0.0,62.74509803921568,64.0,True,B,calibration
symmetric_wrong,1079,0.0,62.74509803921568,64.0,True,B,calibration
correct,1092,0.6000455973315524,0.21811209393688574,0.044414846463857696,False,B,calibration
lattice_all_edges,1092,0.0,190.07904237102366,64.0,True,B,calibration
lattice_one_edge,1092,0.0,62.74509803921568,64.0,True,B,calibration
symmetric_wrong,1092,0.0,62.74509803921568,64.0,True,B,calibration
correct,1105,0.09624130961452662,0.2829588087726121,0.15338281860856362,False,B,calibration
lattice_all_edges,1105,0.0,190.07904237102366,64.0,True,B,calibration
lattice_one_edge,1105,0.0,62.74509803921568,64.0,True,B,calibration
symmetric_wrong,1105,0.0,62.74509803921568,64.0,True,B,calibration
correct,1118,0.1822100555168155,0.6266479189955372,0.4229426236184961,False,B,calibration
lattice_all_edges,1118,0.0,190.07904237102366,64.0,True,B,calibration
lattice_one_edge,1118,0.0,62.74509803921568,64.0,True,B,calibration
symmetric_wrong,1118,0.0,62.74509803921568,64.0,True,B,calibration
correct,1131,0.14885878938103067,0.12532851047415736,0.08731459137409238,False,B,calibration
lattice_all_edges,1131,0.0,190.07904237102366,64.0,True,B,calibration
lattice_one_edge,1131,0.0,62.74509803921568,64.0,True,B,calibration
symmetric_wrong,1131,0.0,62.74509803921568,64.0,True,B,calibration
correct,1144,0.1586915461050526,0.38178547135863294,0.5913503256796422,False,B,calibration
lattice_all_edges,1144,0.0,190.07904237102366,64.0,True,B,calibration
lattice_one_edge,1144,0.0,62.74509803921568,64.0,True,B,calibration
symmetric_wrong,1144,0.0,62.74509803921568,64.0,True,B,calibration
correct,7001,0.23239976057254208,0.8308594886220192,0.26782668646738494,False,B,validation
lattice_all_edges,7001,0.0,190.07904237102366,64.0,True,B,validation
lattice_one_edge,7001,0.0,62.74509803921568,64.0,True,B,validation
symmetric_wrong,7001,0.0,62.74509803921568,64.0,True,B,validation
correct,7030,0.4396357560257914,0.2406297186892079,0.5867841319350594,False,B,validation
lattice_all_edges,7030,0.0,190.07904237102366,64.0,True,B,validation
lattice_one_edge,7030,0.0,62.74509803921568,64.0,True,B,validation
symmetric_wrong,7030,0.0,62.74509803921568,64.0,True,B,validation
correct,7059,0.3131094219762107,0.6210099838315556,0.181085783206342,False,B,validation
lattice_all_edges,7059,0.0,190.07904237102366,64.0,True,B,validation
lattice_one_edge,7059,0.0,62.74509803921568,64.0,True,B,validation
symmetric_wrong,7059,0.0,62.74509803921568,64.0,True,B,validation
correct,7088,0.45628112391458514,0.7855095811749921,0.4966153581638798,False,B,validation
lattice_all_edges,7088,0.0,190.07904237102366,64.0,True,B,validation
lattice_one_edge,7088,0.0,62.74509803921568,64.0,True,B,validation
symmetric_wrong,7088,0.0,62.74509803921568,64.0,True,B,validation
correct,7117,0.28606326534115334,1.5145160728612206,0.3732463300016228,False,B,validation
lattice_all_edges,7117,0.0,190.07904237102366,64.0,True,B,validation
lattice_one_edge,7117,0.0,62.74509803921568,64.0,True,B,validation
symmetric_wrong,7117,0.0,62.74509803921568,64.0,True,B,validation
correct,7146,0.1997403986784215,0.5079728524226503,0.31124271613564686,False,B,validation
lattice_all_edges,7146,0.0,190.07904237102366,64.0,True,B,validation
lattice_one_edge,7146,0.0,62.74509803921568,64.0,True,B,validation
symmetric_wrong,7146,0.0,62.74509803921568,64.0,True,B,validation
correct,7175,0.33640275506531375,1.2888935622818065,0.7660900839475445,False,B,validation
lattice_all_edges,7175,0.0,190.07904237102366,64.0,True,B,validation
lattice_one_edge,7175,0.0,62.74509803921568,64.0,True,B,validation
symmetric_wrong,7175,0.0,62.74509803921568,64.0,True,B,validation
correct,7204,0.5545170958286202,0.5835544029713314,0.4569836680990799,False,B,validation
lattice_all_edges,7204,0.0,190.07904237102366,64.0,True,B,validation
lattice_one_edge,7204,0.0,62.74509803921568,64.0,True,B,validation
symmetric_wrong,7204,0.0,62.74509803921568,64.0,True,B,validation
correct,7233,0.18347119379768725,0.8693654567524023,0.35894599889977336,False,B,validation
lattice_all_edges,7233,0.0,190.07904237102366,64.0,True,B,validation
lattice_one_edge,7233,0.0,62.74509803921568,64.0,True,B,validation
symmetric_wrong,7233,0.0,62.74509803921568,64.0,True,B,validation
correct,7262,0.25485934769800567,0.6229302039174425,0.2867443577657265,False,B,validation
lattice_all_edges,7262,0.0,190.07904237102366,64.0,True,B,validation
lattice_one_edge,7262,0.0,62.74509803921568,64.0,True,B,validation
symmetric_wrong,7262,0.0,62.74509803921568,64.0,True,B,validation
correct,7291,0.471653373526002,0.35785882635565625,0.5798220285423282,False,B,validation
lattice_all_edges,7291,0.0,190.07904237102366,64.0,True,B,validation
lattice_one_edge,7291,0.0,62.74509803921568,64.0,True,B,validation
symmetric_wrong,7291,0.0,62.74509803921568,64.0,True,B,validation
correct,7320,0.4371809011168504,0.5764388325617755,0.38521948730862726,False,B,validation
lattice_all_edges,7320,0.0,190.07904237102366,64.0,True,B,validation
lattice_one_edge,7320,0.0,62.74509803921568,64.0,True,B,validation
symmetric_wrong,7320,0.0,62.74509803921568,64.0,True,B,validation
