label,regime,seed,transform_kind,fit_model,scale,delta_azimuth,delta_elevation,sun_elevation,ambiguity,overlap_fraction,n_kp_src,n_kp_dst,n_putative,n_inliers,inlier_ratio,fit_rmse,held_out_median,held_out_p90,held_out_ok,split_consistency,coverage_max_gap,coverage_occupancy,coverage_entropy,true_inlier_precision,true_putative_precision,transform_error_median,transform_error_p90,is_wrong,gen_s,pipeline_s,ransac_s
d_az=0,A_mare_moderate,1001,similarity,affine,1.0,0.0,0.0,45.0,0.0,1.0,20,16,11,10,0.9090909090909091,0.36210081454004006,0.3102523258685019,1.0224214440120478,True,0.4361363415754891,0.2585873247355502,0.12698412698412698,0.4888390927451272,1.0,0.9090909090909091,0.3410325180614484,0.4064722834617566,False,1.0898622999666259,0.10563300002831966,0.04945610009599477
d_az=15,A_mare_moderate,1001,similarity,affine,1.0,15.0,0.0,45.0,0.0,1.0,20,23,11,11,1.0,0.7050344264231091,0.9559137072700918,2.0474767400261937,True,1.035455415131746,0.5314350678463039,0.125,0.4742251561037395,1.0,1.0,0.7005568282715136,1.5570660851469498,False,0.2003515000687912,0.09817930008284748,0.04172919993288815
d_az=30,A_mare_moderate,1001,similarity,affine,1.0,30.0,0.0,45.0,0.0,1.0,20,29,3,3,1.0,2.745797994178065e-13,inf,inf,False,inf,0.5491550930194823,0.046875,0.26416041678685936,0.6666666666666666,0.6666666666666666,413.21877240179424,932.533837307346,True,0.20059950009454042,0.09460000006947666,0.042306399904191494
d_az=45,A_mare_moderate,1001,similarity,affine,1.0,45.0,0.0,45.0,0.0,1.0,20,24,1,0,0.0,nan,inf,inf,False,inf,1.0,0.0,0.0,0.0,0.0,inf,inf,True,0.19966919999569654,0.0581864999840036,4.229997284710407e-05
d_az=60,A_mare_moderate,1001,similarity,affine,1.0,60.0,0.0,45.0,0.0,1.0,20,20,1,0,0.0,nan,inf,inf,False,inf,1.0,0.0,0.0,0.0,0.0,inf,inf,True,0.22956340003293008,0.06103350000921637,4.2199972085654736e-05
d_az=90,A_mare_moderate,1001,similarity,affine,1.0,90.0,0.0,45.0,0.0,1.0,20,18,1,0,0.0,nan,inf,inf,False,inf,1.0,0.0,0.0,0.0,0.0,inf,inf,True,0.2083353999769315,0.054458500002510846,3.560003824532032e-05
scale=1.0,A_mare_moderate,1001,similarity,affine,1.0,0.0,0.0,45.0,0.0,1.0,20,21,19,19,1.0,0.21392355975256103,0.09514977040884665,0.23133461993028348,True,0.253762807932638,0.26115130753137583,0.21875,0.6027247610125276,1.0,1.0,0.0580304454687417,0.07439477997354224,False,0.20130930002778769,0.09749159996863455,0.04171450005378574
scale=2.0,A_mare_moderate,1001,similarity,affine,2.0,0.0,0.0,45.0,0.0,1.0,20,2,2,0,0.0,nan,inf,inf,False,inf,1.0,0.0,0.0,0.0,1.0,inf,inf,True,0.2416321000782773,0.061373400036245584,4.099996294826269e-05
scale=4.0,A_mare_moderate,1001,similarity,affine,4.0,0.0,0.0,45.0,0.0,1.0,20,0,0,0,0.0,nan,inf,inf,False,inf,1.0,0.0,0.0,nan,nan,nan,nan,True,0.26907490007579327,0.056820200057700276,5.580007564276457e-05
d_az=0,A_mare_moderate,1002,similarity,affine,1.0,0.0,0.0,45.0,0.0,1.0,22,19,16,16,1.0,0.380853101042506,0.24155767230151598,0.7171770166548697,True,0.513721566827836,0.37526213349711374,0.15625,0.5338032551857972,1.0,1.0,0.2573260537144598,0.530478785670537,False,1.1241024999180809,0.09974979993421584,0.041774599929340184
d_az=15,A_mare_moderate,1002,similarity,affine,1.0,15.0,0.0,45.0,0.0,1.0,22,19,9,9,1.0,0.7276478986174151,0.6030378411218077,1.6224693407976012,True,7.405378410574485,0.3953018636030642,0.109375,0.45424675949964477,0.8888888888888888,0.8888888888888888,1.7556872927689549,4.033257587853953,False,0.2271636000368744,0.0976266999496147,0.04294439998921007
d_az=30,A_mare_moderate,1002,similarity,affine,1.0,30.0,0.0,45.0,0.0,1.0,22,15,1,0,0.0,nan,inf,inf,False,inf,1.0,0.0,0.0,0.0,1.0,inf,inf,True,0.2219353000400588,0.05231369996909052,4.1899969801306725e-05
d_az=45,A_mare_moderate,1002,similarity,affine,1.0,45.0,0.0,45.0,0.0,1.0,22,15,0,0,0.0,nan,inf,inf,False,inf,1.0,0.0,0.0,nan,nan,nan,nan,True,0.22092350001912564,0.05953619990032166,3.6199926398694515e-05
d_az=60,A_mare_moderate,1002,similarity,affine,1.0,60.0,0.0,45.0,0.0,1.0,22,26,0,0,0.0,nan,inf,inf,False,inf,1.0,0.0,0.0,nan,nan,nan,nan,True,0.22453499992843717,0.05479439999908209,3.250001464039087e-05
d_az=90,A_mare_moderate,1002,similarity,affine,1.0,90.0,0.0,45.0,0.0,1.0,22,18,0,0,0.0,nan,inf,inf,False,inf,1.0,0.0,0.0,nan,nan,nan,nan,True,0.2445058999583125,0.05929490004200488,3.7100049667060375e-05
scale=1.0,A_mare_moderate,1002,similarity,affine,1.0,0.0,0.0,45.0,0.0,1.0,22,23,21,21,1.0,0.11126078285861535,0.10303475105527034,0.2586920751689033,True,0.1839348062594427,0.38768424299373455,0.203125,0.599077606160242,1.0,1.0,0.07159618504098786,0.13511956194757746,False,0.22225929994601756,0.09911720000673085,0.04297810001298785
scale=2.0,A_mare_moderate,1002,similarity,affine,2.0,0.0,0.0,45.0,0.0,1.0,22,8,5,5,1.0,0.06372362213957403,0.10468120653781851,0.18842617176802784,True,inf,0.26062491673326676,0.25,0.4804820237218406,1.0,1.0,0.7462028800298937,1.4365339136308986,False,0.2553433000575751,0.09131170006003231,0.033316200016997755
scale=4.0,A_mare_moderate,1002,similarity,affine,4.0,0.0,0.0,45.0,0.0,1.0,22,1,1,0,0.0,nan,inf,inf,False,inf,1.0,0.0,0.0,0.0,0.0,inf,inf,True,0.29664029995910823,0.05726980010513216,3.800005652010441e-05
d_az=0,A_mare_moderate,1003,similarity,affine,1.0,0.0,0.0,45.0,0.0,1.0,21,19,13,13,1.0,0.5570881420492317,0.6740788122932762,0.9254512510090985,True,1.5101607819303036,0.3619135881843897,0.125,0.46289379917736156,1.0,1.0,0.20534499989846994,0.34759872490952537,False,1.0834954000310972,0.09499030001461506,0.038556699990294874
d_az=15,A_mare_moderate,1003,similarity,affine,1.0,15.0,0.0,45.0,0.0,1.0,21,15,3,3,1.0,6.139790967464725e-14,inf,inf,False,inf,0.37735264611666636,0.05357142857142857,0.27292330535905795,1.0,1.0,0.6007392594753511,1.4006589482239544,False,0.21032509999349713,0.0983364999992773,0.04514439997728914
d_az=30,A_mare_moderate,1003,similarity,affine,1.0,30.0,0.0,45.0,0.0,1.0,21,20,3,3,1.0,9.568173158301911e-14,inf,inf,False,inf,0.43820085851640445,0.046875,0.26416041678685936,0.6666666666666666,0.6666666666666666,278.9868851308879,618.225574671936,True,0.2072207999881357,0.1064758999273181,0.04409829992800951
d_az=45,A_mare_moderate,1003,similarity,affine,1.0,45.0,0.0,45.0,0.0,1.0,21,20,1,0,0.0,nan,inf,inf,False,inf,1.0,0.0,0.0,0.0,0.0,inf,inf,True,0.19962470000609756,0.0558477999875322,3.4100026823580265e-05
d_az=60,A_mare_moderate,1003,similarity,affine,1.0,60.0,0.0,45.0,0.0,1.0,21,24,0,0,0.0,nan,inf,inf,False,inf,1.0,0.0,0.0,nan,nan,nan,nan,True,0.20871809998061508,0.05861789989285171,4.279997665435076e-05
d_az=90,A_mare_moderate,1003,similarity,affine,1.0,90.0,0.0,45.0,0.0,1.0,21,21,0,0,0.0,nan,inf,inf,False,inf,1.0,0.0,0.0,nan,nan,nan,nan,True,0.21370109997224063,0.05629009997937828,3.4100026823580265e-05
scale=1.0,A_mare_moderate,1003,similarity,affine,1.0,0.0,0.0,45.0,0.0,1.0,21,20,18,18,1.0,0.10533578118630836,0.09129173015646175,0.19301138126518486,True,0.1550278408614988,0.3619135881843897,0.15625,0.49582291686698793,1.0,1.0,0.06924938978313797,0.13062551507688286,False,0.2097347000380978,0.09596110007259995,0.038415800081565976
scale=2.0,A_mare_moderate,1003,similarity,affine,2.0,0.0,0.0,45.0,0.0,1.0,21,0,0,0,0.0,nan,inf,inf,False,inf,1.0,0.0,0.0,nan,nan,nan,nan,True,0.25364120001904666,0.05978460016194731,7.109995931386948e-05
scale=4.0,A_mare_moderate,1003,similarity,affine,4.0,0.0,0.0,45.0,0.0,1.0,21,0,0,0,0.0,nan,inf,inf,False,inf,1.0,0.0,0.0,nan,nan,nan,nan,True,0.3072457000380382,0.06886320002377033,4.199997056275606e-05
d_az=0,A_highlands_moderate,1001,similarity,affine,1.0,0.0,0.0,45.0,0.0,1.0,1496,1364,964,963,0.9989626556016598,0.4431017962301414,0.2277596107867635,0.6316588849610171,True,0.05246105955699224,0.05975413492491546,1.0,0.9805888951361644,1.0,0.9989626556016598,0.04583016675704153,0.07201975936597066,False,1.2889136000303552,0.18023520009592175,0.05065150000154972
d_az=15,A_highlands_moderate,1001,similarity,affine,1.0,15.0,0.0,45.0,0.0,1.0,1496,1387,633,630,0.995260663507109,0.9275091512007654,0.49302361957155255,1.3933465552733382,True,0.08564324332351245,0.05883918504007815,1.0,0.9780519373150492,0.9952380952380953,0.990521327014218,0.29695015793442003,0.6825292973661963,False,0.27887260005809367,0.18304859998170286,0.05296260002069175
d_az=30,A_highlands_moderate,1001,similarity,affine,1.0,30.0,0.0,45.0,0.0,1.0,1496,1648,16,10,0.625,0.9189320761365333,0.9999035570397461,1.995268711787705,True,1.5854486781037531,0.2912129096852698,0.140625,0.5203213491478939,1.0,0.625,0.3887810785418076,0.8500229835584483,False,0.27236140007153153,0.1715523999882862,0.0434926999732852
d_az=45,A_highlands_moderate,1001,similarity,affine,1.0,45.0,0.0,45.0,0.0,1.0,1496,1362,7,3,0.42857142857142855,6.40802931119267e-14,inf,inf,False,inf,0.44140432951892933,0.046875,0.26416041678685936,0.0,0.0,88.82753583587746,140.61213265878598,True,0.27225029992405325,0.17239940003491938,0.04543230007402599
d_az=60,A_highlands_moderate,1001,similarity,affine,1.0,60.0,0.0,45.0,0.0,1.0,1496,1205,5,3,0.6,3.382860061901193e-14,inf,inf,False,inf,0.42392761969009657,0.05,0.26832433664837085,0.0,0.0,174.56546436988856,307.2840414882777,True,0.28576970007270575,0.1652608000440523,0.043973200023174286
d_az=90,A_highlands_moderate,1001,similarity,affine,1.0,90.0,0.0,45.0,0.0,1.0,1496,1230,5,3,0.6,1.6161268101419997e-13,inf,inf,False,inf,0.5721852575582614,0.05084745762711865,0.2694303372517384,0.0,0.0,453.1706335378823,983.4242743659829,True,0.2809578999876976,0.1712106999475509,0.04501969995908439
scale=1.0,A_highlands_moderate,1001,similarity,affine,1.0,0.0,0.0,45.0,0.0,1.0,1496,1510,1331,1331,1.0,0.1272858906609728,0.0569120793112854,0.1605305971583118,True,0.015760656566290464,0.04138085568247579,1.0,0.9932103142942371,1.0,1.0,0.009420607770069672,0.02120137465055486,False,0.27220329991541803,0.22147700004279613,0.05339770007412881
scale=2.0,A_highlands_moderate,1001,similarity,affine,2.0,0.0,0.0,45.0,0.0,1.0,1496,357,271,270,0.996309963099631,0.2198858184696207,0.13349148456309862,0.34011997585004256,True,0.1040302057992648,0.04298847400838328,1.0,0.9873824389285326,1.0,0.996309963099631,0.3489206374673316,0.3754233511839499,False,0.3414948999416083,0.14584280003327876,0.05263240006752312
scale=4.0,A_highlands_moderate,1001,similarity,affine,4.0,0.0,0.0,45.0,0.0,1.0,1496,71,52,51,0.9807692307692307,0.4395766261755026,0.29350799065571476,0.8493532333691685,True,1.1477574216966293,0.05266601150040803,1.0,0.9796155138479703,1.0,0.9807692307692307,1.0821044205910737,1.400359170945528,False,0.4931904000695795,0.13188440003432333,0.04595980001613498
d_az=0,A_highlands_moderate,1002,similarity,affine,1.0,0.0,0.0,45.0,0.0,1.0,1494,1473,1111,1110,0.9990999099909991,0.6957518475067551,0.1603415174563029,0.49153285658965723,True,0.03458210391605865,0.05474946885840792,1.0,0.9903053118284256,0.9990990990990991,0.9981998199819982,0.5833329102758967,0.9048731161481759,False,1.2956887000473216,0.1800210999790579,0.05352289997972548
d_az=15,A_highlands_moderate,1002,similarity,affine,1.0,15.0,0.0,45.0,0.0,1.0,1494,1573,329,324,0.9848024316109423,1.1005551435528194,0.5530983836192069,1.6541791013781841,True,0.3805391285269096,0.10875319280115157,0.9375,0.951103000097242,0.9907407407407407,0.9787234042553191,0.4837782785458282,1.1285020557136614,False,0.27428889996372163,0.17804449994582683,0.04636199993547052
d_az=30,A_highlands_moderate,1002,similarity,affine,1.0,30.0,0.0,45.0,0.0,1.0,1494,1475,22,19,0.8636363636363636,1.413919870019273,1.134543728410204,2.7048284682599366,True,1.3713934537373214,0.23000851527866192,0.21875,0.6027247610125274,1.0,0.9090909090909091,0.2562671779501148,0.5451191575622272,False,0.27528209995944053,0.17207710014190525,0.04465960001107305
d_az=45,A_highlands_moderate,1002,similarity,affine,1.0,45.0,0.0,45.0,0.0,1.0,1494,1415,5,3,0.6,3.2818563180946156e-14,inf,inf,False,inf,0.6659873044035721,0.046875,0.26416041678685936,0.0,0.0,85.18555176747091,149.5074566411248,True,0.2722423999803141,0.17159259994514287,0.04123189998790622
d_az=60,A_highlands_moderate,1002,similarity,affine,1.0,60.0,0.0,45.0,0.0,1.0,1494,1556,7,3,0.42857142857142855,4.9227844771419234e-14,inf,inf,False,inf,0.5587773469646947,0.046875,0.26416041678685936,0.0,0.0,366.7587613299334,577.4644858729498,True,0.2622452999930829,0.16054820001590997,0.041622100048698485
d_az=90,A_highlands_moderate,1002,similarity,affine,1.0,90.0,0.0,45.0,0.0,1.0,1494,1179,4,3,0.75,1.5128610113560427e-13,inf,inf,False,inf,0.510748722771286,0.03389830508474576,0.169991616286914,0.0,0.0,467.7529698228888,1052.1508337012283,True,0.2717871000058949,0.14825289999134839,0.04215750005096197
scale=1.0,A_highlands_moderate,1002,similarity,affine,1.0,0.0,0.0,45.0,0.0,1.0,1494,1508,1335,1335,1.0,0.12429814050605903,0.05579557399092268,0.16591960630543795,True,0.020890831900637237,0.0681326846455788,1.0,0.9917313383197168,1.0,1.0,0.007327196264080172,0.012318257085082975,False,0.271044599940069,0.18795459996908903,0.05649530002847314
scale=2.0,A_highlands_moderate,1002,similarity,affine,2.0,0.0,0.0,45.0,0.0,1.0,1494,380,298,296,0.9932885906040269,0.21084985935260359,0.11200352037211099,0.30689858375047596,True,0.05170931775461332,0.05066426161027011,1.0,0.9838842518723279,1.0,0.9932885906040269,0.3519419144404653,0.3726273571686938,False,0.31561280007008463,0.1325909000588581,0.04988850001245737
scale=4.0,A_highlands_moderate,1002,similarity,affine,4.0,0.0,0.0,45.0,0.0,1.0,1494,95,67,67,1.0,0.48323667431702383,0.3059996017526198,0.6325621894488583,True,1.7702449209085618,0.05214839686067914,1.0,0.9719768709176804,1.0,1.0,1.19838603743211,1.57900398561913,False,0.4454507000045851,0.12841890018898994,0.044013300095684826
d_az=0,A_highlands_moderate,1003,similarity,affine,1.0,0.0,0.0,45.0,0.0,1.0,1446,1768,1045,1045,1.0,0.4076745621141853,0.20829814094818816,0.6471225425845015,True,0.0947899736907834,0.05415790193511829,1.0,0.9945758682736857,1.0,1.0,0.05246354368863611,0.06494102006503912,False,1.2697861000197008,0.18426309991627932,0.048924399889074266
d_az=15,A_highlands_moderate,1003,similarity,affine,1.0,15.0,0.0,45.0,0.0,1.0,1446,1131,163,156,0.9570552147239264,1.2132416086863385,0.6962153410774509,1.7506170984587035,True,0.35461472326000687,0.1285572400749738,0.7321428571428571,0.8746891579941487,0.9935897435897436,0.950920245398773,0.5553351867991825,1.0460389077981604,False,0.2639883999945596,0.1639061999740079,0.048665500013157725
d_az=30,A_highlands_moderate,1003,similarity,affine,1.0,30.0,0.0,45.0,0.0,1.0,1446,1723,7,3,0.42857142857142855,7.338453819646735e-14,inf,inf,False,inf,0.5271492053699999,0.046875,0.26416041678685936,0.3333333333333333,0.2857142857142857,193.10794942957014,400.0935127026454,True,0.25976669997908175,0.18388669996056706,0.043484600028023124
d_az=45,A_highlands_moderate,1003,similarity,affine,1.0,45.0,0.0,45.0,0.0,1.0,1446,1465,10,3,0.3,1.0410522092189424e-13,inf,inf,False,inf,0.6332918923188076,0.046875,0.26416041678685936,0.0,0.0,246.71664480520542,487.57284097732986,True,0.2466042999876663,0.2446011999854818,0.10739869996905327
d_az=60,A_highlands_moderate,1003,similarity,affine,1.0,60.0,0.0,45.0,0.0,1.0,1446,1419,7,4,0.5714285714285714,2.029716037140716e-13,inf,inf,False,inf,0.5299495162752271,0.03125,0.1352130207431888,0.0,0.0,380.7848857519132,870.7598694251562,True,0.2454681999515742,0.16653609997592866,0.03718800004571676
d_az=90,A_highlands_moderate,1003,similarity,affine,1.0,90.0,0.0,45.0,0.0,1.0,1446,1083,10,3,0.3,8.526512829121202e-14,inf,inf,False,inf,0.4911909830343348,0.05263157894736842,0.2717285079732674,0.0,0.0,179.06964121568586,394.40133968719107,True,0.25742570008151233,0.23239780007861555,0.10995220008771867
scale=1.0,A_highlands_moderate,1003,similarity,affine,1.0,0.0,0.0,45.0,0.0,1.0,1446,1432,1272,1270,0.9984276729559748,0.14850781465837756,0.0532249335239537,0.15624160363491882,True,0.018682824693731608,0.045479815616075475,1.0,0.9953023771244273,1.0,0.9984276729559748,0.006283460077539639,0.007293519745013755,False,0.2685490999137983,0.19033119990490377,0.05274389998521656
scale=2.0,A_highlands_moderate,1003,similarity,affine,2.0,0.0,0.0,45.0,0.0,1.0,1446,365,279,279,1.0,0.20757492260417823,0.11603696565564904,0.31031944991630894,True,0.12641602677816705,0.04574002101627682,1.0,0.9912031662396634,1.0,1.0,0.34272956393975174,0.3647730698416236,False,0.2960323999868706,0.13566050014924258,0.04690640000626445
scale=4.0,A_highlands_moderate,1003,similarity,affine,4.0,0.0,0.0,45.0,0.0,1.0,1446,87,56,56,1.0,0.42424666545638523,0.3358106269436211,0.6363246979563557,True,0.6472257893665766,0.044270833333333336,1.0,0.9752813738495056,1.0,1.0,1.1292016387389914,1.4623879598402802,False,0.3920032999012619,0.12654269998893142,0.04643039999064058
d_az=0,B_highlands_challenging,1001,similarity,affine,1.0,0.0,0.0,45.0,0.0,1.0,6426,6139,4122,4119,0.9992721979621543,0.24964777799692914,0.13233817950029006,0.37472558796279126,True,0.019446908877048082,0.03871372069614195,1.0,0.9890890399568827,1.0,0.9992721979621543,0.0397431806299986,0.04352558937484313,False,1.4413320999592543,0.7277749000350013,0.0732819999102503
d_az=15,B_highlands_challenging,1001,similarity,affine,1.0,15.0,0.0,45.0,0.0,1.0,6426,6237,2326,2322,0.998280309544282,0.4442146083596984,0.2614309535824962,0.7088302088704317,True,0.06930545024668433,0.03796192639873243,1.0,0.99092925234049,1.0,0.998280309544282,0.021567172851969206,0.02293025712098176,False,0.3068060999503359,0.7275995999807492,0.057955099968239665
d_az=30,B_highlands_challenging,1001,similarity,affine,1.0,30.0,0.0,45.0,0.0,1.0,6426,6727,28,15,0.5357142857142857,0.6719879718325571,0.7204982032187167,1.3133268261523152,True,0.8853156237939073,0.3144254915825758,0.15625,0.5316496825773813,1.0,0.5357142857142857,0.2800861718456335,0.5268637392763265,False,0.3044343999354169,0.7558291000314057,0.04765990003943443
d_az=45,B_highlands_challenging,1001,similarity,affine,1.0,45.0,0.0,45.0,0.0,1.0,6426,6422,20,4,0.2,0.23968215854346522,inf,inf,False,inf,0.5864696657430848,0.0625,0.33333333333333337,0.0,0.0,235.0339099549955,414.07190738564987,True,0.3004451000597328,1.0751630999147892,0.37725060002412647
d_az=60,B_highlands_challenging,1001,similarity,affine,1.0,60.0,0.0,45.0,0.0,1.0,6426,5928,16,3,0.1875,9.282491429618473e-14,inf,inf,False,inf,0.45560638226898903,0.05,0.26832433664837085,0.0,0.0,458.49461942071247,907.2039417650386,True,0.31373419996816665,1.0913258001673967,0.4526457000756636
d_az=90,B_highlands_challenging,1001,similarity,affine,1.0,90.0,0.0,45.0,0.0,1.0,6426,5898,13,3,0.23076923076923078,6.355287432313019e-14,inf,inf,False,inf,0.46366234969271497,0.05084745762711865,0.2694303372517384,0.0,0.0,197.37636756827578,338.470086695795,True,0.3147563000675291,0.8691887999884784,0.23900389997288585
scale=1.0,B_highlands_challenging,1001,similarity,affine,1.0,0.0,0.0,45.0,0.0,1.0,6426,6392,5615,5615,1.0,0.0702138002734658,0.030563695486417918,0.0873116904511386,True,0.003020223693577767,0.024567659198064074,1.0,0.9979883000755673,1.0,1.0,0.0015086271137490872,0.0031510410212151037,False,0.30572060006670654,0.7471376000903547,0.07803330000024289
scale=2.0,B_highlands_challenging,1001,similarity,affine,2.0,0.0,0.0,45.0,0.0,1.0,6426,2135,1202,1198,0.9966722129783694,0.27679658382151967,0.13277343711111345,0.3843693909791622,True,0.051922085150154326,0.0250460729969679,1.0,0.9964804010838968,1.0,0.9966722129783694,0.35037815496239955,0.36666889724537954,False,0.4133508000522852,0.34915989998262376,0.05189859995152801
scale=4.0,B_highlands_challenging,1001,similarity,affine,4.0,0.0,0.0,45.0,0.0,1.0,6426,499,256,253,0.98828125,0.6208210082181114,0.3358319498849302,0.9864218348245467,True,0.7728500363911683,0.03215908602924081,1.0,0.9982616145884204,0.9960474308300395,0.984375,1.064140098482953,1.3383470651226423,False,0.46338070009369403,0.2448660001391545,0.044339400017634034
d_az=0,B_highlands_challenging,1002,similarity,affine,1.0,0.0,0.0,45.0,0.0,1.0,6441,6458,4821,4818,0.9993777224642191,0.17298391409080516,0.08532947231098777,0.24911448489477278,True,0.005595102688826395,0.027621358640099514,1.0,0.9946252701156179,1.0,0.9993777224642191,0.02589951435454092,0.03292080539154712,False,1.4428047999972478,0.7710557000245899,0.07613100006710738
d_az=15,B_highlands_challenging,1002,similarity,affine,1.0,15.0,0.0,45.0,0.0,1.0,6441,6557,1105,1097,0.9927601809954751,0.49874415038120745,0.30244862001648476,0.7726490823023441,True,0.06399133247073407,0.05106424883106141,1.0,0.9846617072233069,1.0,0.9927601809954751,0.06266694249752867,0.07687378200303738,False,0.32305639993865043,0.7514631999656558,0.054258399992249906
d_az=30,B_highlands_challenging,1002,similarity,affine,1.0,30.0,0.0,45.0,0.0,1.0,6441,6565,39,27,0.6923076923076923,0.6990618621358369,0.45079875228542743,1.5035928206421225,True,0.5755595957808723,0.2836151516641384,0.34375,0.726093055902779,1.0,0.6923076923076923,0.14662111642520043,0.32736326477116584,False,0.3381688999943435,0.734615599969402,0.044552600011229515
d_az=45,B_highlands_challenging,1002,similarity,affine,1.0,45.0,0.0,45.0,0.0,1.0,6441,6611,16,3,0.1875,6.563712636189231e-14,inf,inf,False,inf,0.4811193511781926,0.046875,0.26416041678685936,0.0,0.0,540.2172341442435,966.0556884760095,True,0.3179346000542864,1.1430218999739736,0.4448355999775231
d_az=60,B_highlands_challenging,1002,similarity,affine,1.0,60.0,0.0,45.0,0.0,1.0,6441,6728,22,3,0.13636363636363635,1.4138669717020117e-12,inf,inf,False,inf,0.5376957815272706,0.046875,0.26416041678685936,0.0,0.0,1906.7378725471995,4142.09813488552,True,0.33325759996660054,1.9422243998851627,1.1810456999810413
d_az=90,B_highlands_challenging,1002,similarity,affine,1.0,90.0,0.0,45.0,0.0,1.0,6441,5832,23,4,0.17391304347826086,0.8662638034644988,inf,inf,False,inf,0.41638173851663923,0.06779661016949153,0.339983232573828,0.0,0.0,276.2355550067026,437.06583227180414,True,0.33560440002474934,1.2644493001280352,0.5917221000418067
scale=1.0,B_highlands_challenging,1002,similarity,affine,1.0,0.0,0.0,45.0,0.0,1.0,6441,6424,5624,5623,0.9998221906116643,0.06629008271000293,0.03144970439377016,0.0895671345235221,True,0.0024388966644971416,0.034938562148434216,1.0,0.9977442565624348,1.0,0.9998221906116643,0.000944237677115345,0.0018545783380841158,False,0.3309982999926433,0.7623487999662757,0.08730500005185604
scale=2.0,B_highlands_challenging,1002,similarity,affine,2.0,0.0,0.0,45.0,0.0,1.0,6441,2133,1247,1240,0.9943865276663993,0.24562365652284546,0.13983024368427935,0.3583077491668334,True,0.05500705577405679,0.030867889560233595,1.0,0.9948699048085122,1.0,0.9943865276663993,0.35578992647794694,0.374868278061479,False,0.4183307000203058,0.3750893999822438,0.05179539998061955
scale=4.0,B_highlands_challenging,1002,similarity,affine,4.0,0.0,0.0,45.0,0.0,1.0,6441,541,291,276,0.9484536082474226,0.5649357732250956,0.31842225750756237,0.8333814740137278,True,0.3133416571628543,0.03221176270013797,1.0,0.9928161379975227,1.0,0.9484536082474226,1.062781963765775,1.1582537949143326,False,0.5926750999642536,0.24178449995815754,0.04649450001306832
d_az=0,B_highlands_challenging,1003,similarity,affine,1.0,0.0,0.0,45.0,0.0,1.0,6313,6475,3794,3791,0.9992092778070638,0.2271150093977271,0.12149454581403897,0.3531639719237658,True,0.008964183129159291,0.030867889560233595,1.0,0.9979728196211596,1.0,0.9992092778070638,0.046869884520845104,0.058454437524450835,False,1.426593399955891,0.7648385999491438,0.07095289998687804
d_az=15,B_highlands_challenging,1003,similarity,affine,1.0,15.0,0.0,45.0,0.0,1.0,6313,5879,472,453,0.9597457627118644,0.7495964799461389,0.4049327476199704,1.0739158428117792,True,0.15037760964385022,0.07165008589686253,0.9642857142857143,0.9552499350531097,0.9977924944812362,0.9576271186440678,0.3214803511687444,0.6687457449378766,False,0.3074979999801144,0.6883016000501812,0.049126200028695166
d_az=30,B_highlands_challenging,1003,similarity,affine,1.0,30.0,0.0,45.0,0.0,1.0,6313,6755,24,9,0.375,0.5037788592266038,0.4841761525496102,1.2146251408993605,True,3.1577994097179505,0.43741473623518273,0.109375,0.45424675949964477,1.0,0.375,0.7290475931828959,1.4828903729991865,False,0.29060139995999634,0.7531259999377653,0.05903289990965277
d_az=45,B_highlands_challenging,1003,similarity,affine,1.0,45.0,0.0,45.0,0.0,1.0,6313,6665,19,4,0.21052631578947367,9.209686451197087e-14,inf,inf,False,inf,0.39131882825545494,0.046875,0.25,0.0,0.0,245.60599106189042,530.9697741271339,True,0.3058384000323713,1.127603100030683,0.421628599986434
d_az=60,B_highlands_challenging,1003,similarity,affine,1.0,60.0,0.0,45.0,0.0,1.0,6313,6586,14,4,0.2857142857142857,2.842170943040401e-14,inf,inf,False,inf,0.5213343943969648,0.046875,0.25,0.0,0.0,402.1483070642669,731.894937600329,True,0.34442820004187524,0.7769936999538913,0.12668799993116409
d_az=90,B_highlands_challenging,1003,similarity,affine,1.0,90.0,0.0,45.0,0.0,1.0,6313,5830,21,5,0.23809523809523808,5.5767420890187466e-14,inf,inf,False,inf,0.5643446076242016,0.05263157894736842,0.2609217885458962,0.0,0.0,120.57807301790467,218.98955047667437,True,0.3170521000865847,0.8257932999404147,0.20361829991452396
scale=1.0,B_highlands_challenging,1003,similarity,affine,1.0,0.0,0.0,45.0,0.0,1.0,6313,6403,5539,5539,1.0,0.06607246730495936,0.03001352205453547,0.08720547264108704,True,0.0054957173816890924,0.025648067192177357,1.0,0.9973531420036381,1.0,1.0,0.0011870601995993615,0.002141235876435891,False,0.3095018999883905,0.7729694999288768,0.08081830001901835
scale=2.0,B_highlands_challenging,1003,similarity,affine,2.0,0.0,0.0,45.0,0.0,1.0,6313,2168,1226,1221,0.9959216965742251,0.2424349924517261,0.13119881316874613,0.3723701753713759,True,0.05435778897451976,0.028822843256743044,1.0,0.9976848889291495,1.0,0.9959216965742251,0.357003256524946,0.36570075114818545,False,0.38329090003389865,0.3723120999056846,0.05232239991892129
scale=4.0,B_highlands_challenging,1003,similarity,affine,4.0,0.0,0.0,45.0,0.0,1.0,6313,527,261,258,0.9885057471264368,0.6101545271322846,0.37524102397765247,0.9062833728264561,True,0.6592608926494223,0.02358173213056619,1.0,0.9980565657023776,1.0,0.9885057471264368,1.1054749682385216,1.4467510467865587,False,0.48200020007789135,0.24344099999871105,0.05355559999588877
d_az=0,C_extreme_diagnostic,1001,similarity,affine,1.0,0.0,0.0,45.0,0.0,1.0,2868,2675,1722,1718,0.9976771196283392,0.7433095612944243,0.2147851004360114,0.6589571456149901,True,0.04811985238648273,0.05368627116689663,1.0,0.980492866980974,0.9994179278230501,0.997096399535424,0.5604372302607195,0.9425909777666918,False,2.130827899905853,0.2800271000014618,0.05764050001744181
d_az=15,C_extreme_diagnostic,1001,similarity,affine,1.0,15.0,0.0,45.0,0.0,1.0,2868,2639,984,958,0.9735772357723578,0.9733216610401151,0.4305516047156094,1.209260936586895,True,0.15364865583599385,0.05720281936585624,1.0,0.9801395068259665,0.9947807933194155,0.9705284552845529,0.4942461323241234,1.1386294339226264,False,1.1674040999496356,0.2611769000068307,0.05200599995441735
d_az=30,C_extreme_diagnostic,1001,similarity,affine,1.0,30.0,0.0,45.0,0.0,1.0,2868,3101,35,15,0.42857142857142855,1.3961111327183398,0.7192637493734317,2.1957080319429765,True,0.705411790558979,0.32520296980682784,0.203125,0.6067039881569753,1.0,0.42857142857142855,0.29221717650060475,0.488799827738445,False,1.0844692999962717,0.28966899996157736,0.04622599994763732
d_az=45,C_extreme_diagnostic,1001,similarity,affine,1.0,45.0,0.0,45.0,0.0,1.0,2868,2595,28,5,0.17857142857142858,0.4347388572710004,0.6952194970571522,1.2513950947027832,True,inf,0.6083335562927674,0.046875,0.2536546824812271,0.4,0.07142857142857142,834.4333580651253,1887.7122199934124,True,1.1197701999917626,0.7417809000471607,0.5008035000646487
d_az=60,C_extreme_diagnostic,1001,similarity,affine,1.0,60.0,0.0,45.0,0.0,1.0,2868,2244,24,4,0.16666666666666666,1.0704618868387765,inf,inf,False,inf,0.4835903142267108,0.05,0.25394071139817215,0.0,0.0,193.17162231261682,375.6353360379858,True,1.1953453000169247,0.830454200040549,0.6264048999873921
d_az=90,C_extreme_diagnostic,1001,similarity,affine,1.0,90.0,0.0,45.0,0.0,1.0,2868,2323,21,4,0.19047619047619047,2.842170943040401e-14,inf,inf,False,inf,0.5922547189569165,0.05084745762711865,0.25498742443037103,0.0,0.0,1542.8922603058259,3525.140572993397,True,1.1970839999848977,0.6305583000648767,0.416451400029473
scale=1.0,C_extreme_diagnostic,1001,similarity,affine,1.0,0.0,0.0,45.0,0.0,1.0,2868,2909,2605,2605,1.0,0.09854215689154668,0.02096399442930974,0.07391889841521204,True,0.011641105682436658,0.030647401812343284,1.0,0.9952519222145155,1.0,1.0,0.003603433709890464,0.006023226398588927,False,1.1300947999116033,0.29911829996854067,0.059959899983368814
scale=2.0,C_extreme_diagnostic,1001,similarity,affine,2.0,0.0,0.0,45.0,0.0,1.0,2868,756,537,528,0.9832402234636871,0.28982797824256656,0.13087645775161721,0.38359528712211155,True,0.1612553738825595,0.04042753827151048,1.0,0.9914162280825626,1.0,0.9832402234636871,0.3534471944071455,0.3772744834172391,False,1.5736013000132516,0.1775986000429839,0.04806870000902563
scale=4.0,C_extreme_diagnostic,1001,similarity,affine,4.0,0.0,0.0,45.0,0.0,1.0,2868,200,111,102,0.918918918918919,0.676434485101441,0.38535939652552714,0.9623107106625604,True,1.00009258178651,0.03542049611649855,1.0,0.9902816650191036,0.9901960784313726,0.9099099099099099,1.118248629061752,1.5194612230420068,False,2.426128000020981,0.17839579994324595,0.0526088000042364
d_az=0,C_extreme_diagnostic,1002,similarity,affine,1.0,0.0,0.0,45.0,0.0,1.0,2959,2972,2034,2027,0.9965585054080629,0.3528358167616977,0.16250704582224873,0.5121509906196485,True,0.06053598988883312,0.035180354390901815,1.0,0.9924854643049806,1.0,0.9965585054080629,0.058604634026288696,0.0640433432499895,False,2.169960799976252,0.3017281999345869,0.05753899994306266
d_az=15,C_extreme_diagnostic,1002,similarity,affine,1.0,15.0,0.0,45.0,0.0,1.0,2959,3107,424,394,0.9292452830188679,0.952100654458343,0.6029342050054434,1.5442854047263954,True,0.19998214116412372,0.08022355104556961,0.9375,0.961684669852864,0.9898477157360406,0.9221698113207547,0.1281298729754885,0.24279282635479066,False,1.1573990000179037,0.3566196000901982,0.049530499964021146
d_az=30,C_extreme_diagnostic,1002,similarity,affine,1.0,30.0,0.0,45.0,0.0,1.0,2959,2886,46,21,0.45652173913043476,1.313281568453413,1.3404924626547101,2.4037097648260426,True,1.8575773117398584,0.28039269415237583,0.234375,0.6248324672541828,1.0,0.4782608695652174,0.48696244955889545,1.1046242325118438,False,1.1663263000082225,0.2839900000253692,0.04890759999398142
d_az=45,C_extreme_diagnostic,1002,similarity,affine,1.0,45.0,0.0,45.0,0.0,1.0,2959,2819,22,4,0.18181818181818182,0.790663658529295,inf,inf,False,inf,0.48834201010849515,0.046875,0.25,0.0,0.0,127.32701594107493,227.06480219431776,True,1.1677293999819085,0.7168768999399617,0.48861340002622455
d_az=60,C_extreme_diagnostic,1002,similarity,affine,1.0,60.0,0.0,45.0,0.0,1.0,2959,2980,27,4,0.14814814814814814,0.7313021276600596,inf,inf,False,inf,0.5365626162799978,0.0625,0.33333333333333337,0.0,0.0,317.85215090648927,674.9334959797791,True,1.1850276000332087,1.1741005999501795,0.9177156999940053
d_az=90,C_extreme_diagnostic,1002,similarity,affine,1.0,90.0,0.0,45.0,0.0,1.0,2959,2219,31,4,0.12903225806451613,0.6810238948718921,inf,inf,False,inf,0.5079159883865447,0.06779661016949153,0.339983232573828,0.0,0.0,365.9163999260722,684.1512560457348,True,1.2301941000623628,1.5903321000514552,1.379276999970898
scale=1.0,C_extreme_diagnostic,1002,similarity,affine,1.0,0.0,0.0,45.0,0.0,1.0,2959,2918,2636,2634,0.9992412746585736,0.08601180418390243,0.01933014239348783,0.06909927215972994,True,0.010158557014656323,0.035372598195849286,1.0,0.9946071486719518,1.0,0.9992412746585736,0.005263790456402754,0.00753328880285194,False,1.1675694999285042,0.3016543999547139,0.06461879995185882
scale=2.0,C_extreme_diagnostic,1002,similarity,affine,2.0,0.0,0.0,45.0,0.0,1.0,2959,783,536,529,0.9869402985074627,0.35379718423281936,0.15892100784151156,0.4542655798258977,True,0.10957315889357244,0.036690111467722324,1.0,0.9874103012730847,1.0,0.9869402985074627,0.3409920989730182,0.3883039934839254,False,1.5534311999799684,0.2511204000329599,0.05122620007023215
scale=4.0,C_extreme_diagnostic,1002,similarity,affine,4.0,0.0,0.0,45.0,0.0,1.0,2959,189,101,95,0.9405940594059405,0.932549732091828,0.4838656999556623,1.0066404107982747,True,0.7947836682452359,0.040385579216851104,1.0,0.9970243649897546,0.9789473684210527,0.9207920792079208,2.8724307652277132,4.758205964194739,False,2.4695153000066057,0.16313260002061725,0.04849610000383109
d_az=0,C_extreme_diagnostic,1003,similarity,affine,1.0,0.0,0.0,45.0,0.0,1.0,2843,3372,1861,1850,0.9940891993551854,0.3933001028789845,0.20500883345142074,0.5835740158908556,True,0.09913824104989122,0.045479815616075475,1.0,0.9954123977060121,1.0,0.9940891993551854,0.07277743044124951,0.10736555153844601,False,2.1712806000141427,0.31710280012339354,0.05675550003070384
d_az=15,C_extreme_diagnostic,1003,similarity,affine,1.0,15.0,0.0,45.0,0.0,1.0,2843,2187,236,204,0.864406779661017,1.2738673249040762,0.7250482180638036,2.001587873125629,True,0.5391843032561742,0.09468572376405128,0.8571428571428571,0.9184842676220656,0.9754901960784313,0.8601694915254238,0.6032838008538424,0.9466812134111338,False,1.1122221000259742,0.2564404000295326,0.04765630001202226
d_az=30,C_extreme_diagnostic,1003,similarity,affine,1.0,30.0,0.0,45.0,0.0,1.0,2843,3388,30,6,0.2,0.5381938976778301,0.74245228089189,1.7165935518168078,True,inf,0.4580743231217749,0.09375,0.430827083453526,1.0,0.2,0.8272816957508848,1.915820950650198,False,1.133622599998489,0.608157200156711,0.3614616000559181
d_az=45,C_extreme_diagnostic,1003,similarity,affine,1.0,45.0,0.0,45.0,0.0,1.0,2843,3005,24,4,0.16666666666666666,0.7683167732347953,inf,inf,False,inf,0.35873281995255346,0.0625,0.33333333333333337,0.0,0.0,261.58818876126236,441.6671931972833,True,1.132817400037311,0.9082628999603912,0.6476448000175878
d_az=60,C_extreme_diagnostic,1003,similarity,affine,1.0,60.0,0.0,45.0,0.0,1.0,2843,2845,27,4,0.14814814814814814,4.263256414560601e-14,inf,inf,False,inf,0.5752910080329877,0.046875,0.25,0.0,0.0,197.32507195221018,367.1201585102426,True,1.0922212000004947,1.1591852001147345,0.9238885000813752
d_az=90,C_extreme_diagnostic,1003,similarity,affine,1.0,90.0,0.0,45.0,0.0,1.0,2843,2293,26,4,0.15384615384615385,0.40902728615974315,inf,inf,False,inf,0.3973722825044266,0.07017543859649122,0.3428832011478269,0.0,0.0,275.41067076972035,399.6461951787661,True,1.1288919999497011,1.0413574000122026,0.836247600032948
scale=1.0,C_extreme_diagnostic,1003,similarity,affine,1.0,0.0,0.0,45.0,0.0,1.0,2843,2862,2560,2560,1.0,0.08492244866752406,0.01991033554090551,0.0680223699000551,True,0.008933812886363999,0.03682847818679935,1.0,0.996207628889675,1.0,1.0,0.003585296076663042,0.006169162041123845,False,1.2084800000302494,0.2772300000069663,0.05859709996730089
scale=2.0,C_extreme_diagnostic,1003,similarity,affine,2.0,0.0,0.0,45.0,0.0,1.0,2843,745,524,517,0.9866412213740458,0.2667744252663953,0.1322602844310609,0.40693447254066983,True,0.11216933497561112,0.036690111467722324,1.0,0.990986381590956,1.0,0.9866412213740458,0.34959173025099366,0.3793961604242025,False,1.4058751999400556,0.19105929997749627,0.047764700022526085
scale=4.0,C_extreme_diagnostic,1003,similarity,affine,4.0,0.0,0.0,45.0,0.0,1.0,2843,193,125,119,0.952,0.6447530591322027,0.2891957839530755,1.2101282182937358,True,1.5548889863542126,0.039019073082738796,1.0,0.9948410738995065,1.0,0.952,1.0363368740992374,1.2623775545473606,False,2.1162758000427857,0.15389779990073293,0.044180799974128604
