kind,seed,n_points,held_out_median,held_out_p90,held_out_ok,split_consistency,true_transform_error,is_wrong,part,split
correct,1029,300,0.47851572094413464,0.8606931742416705,True,0.17073656227442346,0.0,False,A,calibration
correct_noisy,1060,300,1.4126251787151465,2.5587806364590957,True,0.5569809326936628,0.0,False,A,calibration
clustered_correct,1072,300,0.4890089780324808,0.9334197073760929,True,0.47639601186732017,0.0,False,A,calibration
lattice_shift,1081,300,0.4735107982445785,0.8929918290059738,True,0.14859806999474182,64.0,True,A,calibration
repeated_texture,1010,193,0.48103634998008665,0.8606281286456166,True,0.20302516161782916,64.0,True,A,calibration
coherent_affine,1070,300,0.45835290604055084,0.865370419118133,True,0.12959968316328346,52.70999014376441,True,A,calibration
partial_overlap,1022,300,0.4610515296098485,0.8609610778917112,True,0.573171451738767,21.142121256222413,True,A,calibration
low_inlier_degenerate,1077,4,inf,inf,False,inf,319.67212603659823,True,A,calibration
correct,1046,300,0.4596346843387085,0.826963532385386,True,0.13133331598388087,0.0,False,A,calibration
correct_noisy,1077,300,1.420616884180444,2.5257060098157935,True,0.7247838681484353,0.0,False,A,calibration
clustered_correct,1089,300,0.4527680439642662,0.8504906184619168,True,0.10542619062777839,0.0,False,A,calibration
lattice_shift,1098,300,0.46049146148746023,0.8632558224427774,True,0.21856503478701994,64.0,True,A,calibration
repeated_texture,1027,187,0.45094406617573096,0.8716485057912194,True,0.13426852260546707,64.0,True,A,calibration
coherent_affine,1087,300,0.49630093922623963,0.9013416049143109,True,0.1618394470250139,52.70999014376441,True,A,calibration
partial_overlap,1039,300,0.458439671215241,0.8511417438727634,True,0.8870103404698018,21.142121256222413,True,A,calibration
low_inlier_degenerate,1094,4,inf,inf,False,inf,272.9513065188079,True,A,calibration
correct,1063,300,0.48111911970039856,0.8313323284484544,True,0.15897711481665933,0.0,False,A,calibration
correct_noisy,1094,300,1.4582305984998134,2.742407357823766,True,0.4918373948117851,0.0,False,A,calibration
clustered_correct,1106,300,0.5131982354596312,0.9200643487155269,True,0.3480045343008198,0.0,False,A,calibration
lattice_shift,1115,300,0.4643989805073472,0.8503626119743968,True,0.2455376008901181,64.0,True,A,calibration
repeated_texture,1044,194,0.4760282157576561,0.8235017753074172,True,0.16535753922561192,64.0,True,A,calibration
coherent_affine,1104,300,0.48213372797001297,0.8291009114954859,True,0.25746298126594447,52.70999014376441,True,A,calibration
partial_overlap,1056,300,0.4945487189648873,0.8661526526366218,True,0.6886440649457528,21.142121256222413,True,A,calibration
low_inlier_degenerate,1111,4,inf,inf,False,inf,319.5564780447263,True,A,calibration
correct,1080,300,0.4571388339677077,0.8438945079357542,True,0.09551352662964788,0.0,False,A,calibration
correct_noisy,1111,300,1.536917158758922,2.5448281889930056,True,0.7254501683659949,0.0,False,A,calibration
clustered_correct,1123,300,0.4695212012803983,0.8628385775177768,True,0.31854504506030734,0.0,False,A,calibration
lattice_shift,1132,300,0.4886047793125342,0.90830982846695,True,0.11158997749496996,64.0,True,A,calibration
repeated_texture,1061,219,0.5173620440095102,0.8893109097942447,True,0.17078701991955408,64.0,True,A,calibration
coherent_affine,1121,300,0.4819129637356114,0.829480237707777,True,0.12100337448951148,52.70999014376441,True,A,calibration
partial_overlap,1073,300,0.4762485235624889,0.8641730165594267,True,0.44251479955309436,21.142121256222413,True,A,calibration
low_inlier_degenerate,1128,4,inf,inf,False,inf,440.2340159161134,True,A,calibration
correct,1097,300,0.45731820274099133,0.8764757975007874,True,0.28440020198835814,0.0,False,A,calibration
correct_noisy,1128,300,1.3200804756630433,2.541159298717554,True,0.27700887645845235,0.0,False,A,calibration
clustered_correct,1140,300,0.47400821502353707,0.8477487880910868,True,0.21756001701592836,0.0,False,A,calibration
lattice_shift,1149,300,0.4675749797319192,0.8368771515223982,True,0.23916509733942082,64.0,True,A,calibration
repeated_texture,1078,194,0.5048267904575816,0.8935601258207636,True,0.1376744339065069,64.0,True,A,calibration
coherent_affine,1138,300,0.4796525753491301,0.8419461638358147,True,0.12216895567619658,52.70999014376441,True,A,calibration
partial_overlap,1090,300,0.48116114935912724,0.8828488728711259,True,0.7196399907167028,21.142121256222413,True,A,calibration
low_inlier_degenerate,1145,4,inf,inf,False,inf,206.26093375966104,True,A,calibration
correct,1114,300,0.4933417594992049,0.8587054570075249,True,0.20365843837794703,0.0,False,A,calibration
correct_noisy,1145,300,1.4355442317625315,2.4986565017391813,True,0.4681245763943217,0.0,False,A,calibration
clustered_correct,1157,300,0.45567236548229767,0.8251245882835089,True,0.4605930287465635,0.0,False,A,calibration
lattice_shift,1166,300,0.4700614601877559,0.898930214690797,True,0.09471317803279326,64.0,True,A,calibration
repeated_texture,1095,190,0.4641216226612819,0.9293989292033275,True,0.22021064966463835,64.0,True,A,calibration
coherent_affine,1155,300,0.4964425681789918,0.8581330019005232,True,0.12895421075565106,52.70999014376441,True,A,calibration
partial_overlap,1107,300,0.4572487981589015,0.853822039336336,True,0.3200536931550769,21.142121256222413,True,A,calibration
low_inlier_degenerate,1162,4,inf,inf,False,inf,246.30679322404524,True,A,calibration
correct,1131,300,0.46042058025208854,0.8565764871957836,True,0.12405672312493338,0.0,False,A,calibration
correct_noisy,1162,300,1.389820492325336,2.561447712068403,True,0.4730069933166962,0.0,False,A,calibration
clustered_correct,1174,300,0.445361764536261,0.8745246774833587,True,0.4707756257512148,0.0,False,A,calibration
lattice_shift,1183,300,0.4608166147938547,0.8363136014725919,True,0.09520977311530629,64.0,True,A,calibration
repeated_texture,1112,197,0.4934566163451506,0.8816050560379773,True,0.20201201370645566,64.0,True,A,calibration
coherent_affine,1172,300,0.5047237875909484,0.8957065505504113,True,0.2098863155754665,52.70999014376441,True,A,calibration
partial_overlap,1124,300,0.47618749846821606,0.8783950187073268,True,0.9245501681742723,21.142121256222413,True,A,calibration
low_inlier_degenerate,1179,4,inf,inf,False,inf,514.9009505651597,True,A,calibration
correct,1148,300,0.460352317878434,0.8140238394072744,True,0.07676131207521919,0.0,False,A,calibration
correct_noisy,1179,300,1.4800964668162386,2.639120241667241,True,0.31735647578300324,0.0,False,A,calibration
clustered_correct,1191,300,0.4450844721681214,0.8217487416444681,True,0.24413805212262854,0.0,False,A,calibration
lattice_shift,1200,300,0.4850933586710925,0.8740837380823043,True,0.17780087571894923,64.0,True,A,calibration
repeated_texture,1129,197,0.4644063287205941,0.8110604093672323,True,0.1319771326779267,64.0,True,A,calibration
coherent_affine,1189,300,0.5029053521140459,0.8855041819071607,True,0.24477142318774797,52.70999014376441,True,A,calibration
partial_overlap,1141,300,0.44724146414682886,0.8544448993496073,True,0.3985962607612349,21.142121256222413,True,A,calibration
low_inlier_degenerate,1196,4,inf,inf,False,inf,217.6289807770759,True,A,calibration
correct,1165,300,0.4861561458452491,0.8193685430573293,True,0.12641777929205333,0.0,False,A,calibration
correct_noisy,1196,300,1.4971688533273881,2.6176089495205135,True,0.45025452742843747,0.0,False,A,calibration
clustered_correct,1208,300,0.4612988709654763,0.856591643838325,True,0.19466019626859157,0.0,False,A,calibration
lattice_shift,1217,300,0.47682459567387603,0.8726123062621082,True,0.11716557471390845,64.0,True,A,calibration
repeated_texture,1146,199,0.5063545866244203,0.8928369883448016,True,0.26050799668337565,64.0,True,A,calibration
coherent_affine,1206,300,0.488358296820426,0.8750356455334221,True,0.12259387551477528,52.70999014376441,True,A,calibration
partial_overlap,1158,300,0.4999206302468222,0.8523031387601191,True,0.47675238358185873,21.142121256222413,True,A,calibration
low_inlier_degenerate,1213,4,inf,inf,False,inf,325.22987146206816,True,A,calibration
correct,1182,300,0.5006089272688747,0.910367504875367,True,0.13835340011213942,0.0,False,A,calibration
correct_noisy,1213,300,1.37576787872695,2.5839707394825027,True,0.44201648335675275,0.0,False,A,calibration
clustered_correct,1225,300,0.46031962776743773,0.9160346610417234,True,0.12017574226576103,0.0,False,A,calibration
lattice_shift,1234,300,0.4484446344901588,0.8541371453733477,True,0.09756901364742626,64.0,True,A,calibration
repeated_texture,1163,193,0.4516085809231999,0.8514736426960225,True,0.18268920172055256,64.0,True,A,calibration
coherent_affine,1223,300,0.5136234580787863,0.895210455674338,True,0.2322876731911313,52.70999014376441,True,A,calibration
partial_overlap,1175,300,0.4886132968280066,0.8298604060610792,True,0.11356879156878102,21.142121256222413,True,A,calibration
low_inlier_degenerate,1230,4,inf,inf,False,inf,156.3568482264902,True,A,calibration
correct,1199,300,0.4542000222711132,0.8409386246094605,True,0.12994339031012675,0.0,False,A,calibration
correct_noisy,1230,300,1.5410775194967474,2.639672298128664,True,0.7690338747020136,0.0,False,A,calibration
clustered_correct,1242,300,0.49399460020894426,0.8795785011477999,True,0.24927057664083407,0.0,False,A,calibration
lattice_shift,1251,300,0.4745203882528126,0.8818006293130771,True,0.12642104075653274,64.0,True,A,calibration
repeated_texture,1180,204,0.44940507723990447,0.8129487152956743,True,0.29346971312631287,64.0,True,A,calibration
coherent_affine,1240,300,0.4866796252407586,0.8405029514118973,True,0.18309234015944237,52.70999014376441,True,A,calibration
partial_overlap,1192,300,0.504094560652241,0.8422027241262647,True,0.6760901981141356,21.142121256222413,True,A,calibration
low_inlier_degenerate,1247,4,inf,inf,False,inf,185.55746354025223,True,A,calibration
correct,1216,300,0.4643536218504434,0.8746925598650747,True,0.08521476778695247,0.0,False,A,calibration
correct_noisy,1247,300,1.4006711813029074,2.5522779133721265,True,0.7719555467407042,0.0,False,A,calibration
clustered_correct,1259,300,0.4783485258420672,0.8825081123237918,True,0.3755804447154678,0.0,False,A,calibration
lattice_shift,1268,300,0.4677862129953523,0.8066775067333912,True,0.17218528093527352,64.0,True,A,calibration
repeated_texture,1197,191,0.4641090602433199,0.8129965144517448,True,0.1959751233818216,64.0,True,A,calibration
coherent_affine,1257,300,0.4468993065242511,0.9029504816912208,True,0.12070675333465167,52.70999014376441,True,A,calibration
partial_overlap,1209,300,0.46796970873718025,0.8380853395645946,True,0.8610384534433726,21.142121256222413,True,A,calibration
low_inlier_degenerate,1264,4,inf,inf,False,inf,283.4099789632685,True,A,calibration
correct,7029,300,0.4931120336817635,0.8864406005516388,True,0.1507732347796627,0.0,False,A,validation
correct_noisy,7060,300,1.4591286335842555,2.6003744118800713,True,0.6357916641344608,0.0,False,A,validation
clustered_correct,7072,300,0.4690012537978083,0.8869324806700489,True,0.4580661212816407,0.0,False,A,validation
lattice_shift,7081,300,0.499332962644498,0.8493686032191294,True,0.20168643721444274,64.0,True,A,validation
repeated_texture,7010,196,0.4870018194715261,0.8598772412357516,True,0.1304795915887454,64.0,True,A,validation
coherent_affine,7070,300,0.4814529683342914,0.8655805033353196,True,0.13521620796636408,52.70999014376441,True,A,validation
partial_overlap,7022,300,0.4774188379440965,0.8759131067517539,True,0.2777296153954529,21.142121256222413,True,A,validation
low_inlier_degenerate,7077,4,inf,inf,False,inf,219.62896495207573,True,A,validation
correct,7052,300,0.48128416396724893,0.8651569475032147,True,0.10141518486100959,0.0,False,A,validation
correct_noisy,7083,300,1.4278786603245863,2.590253524142005,True,0.8055610521584784,0.0,False,A,validation
clustered_correct,7095,300,0.477557095253742,0.8682905990931117,True,0.2189504555444301,0.0,False,A,validation
lattice_shift,7104,300,0.45923841045955643,0.8254808716044439,True,0.12794403434653756,64.0,True,A,validation
repeated_texture,7033,189,0.48658572816107604,0.8301048396033159,True,0.29505678826338577,64.0,True,A,validation
coherent_affine,7093,300,0.4929720806237004,0.8251327565278802,True,0.1340678734288545,52.70999014376441,True,A,validation
partial_overlap,7045,300,0.47516003121713857,0.8599694388485598,True,0.5605259202185163,21.142121256222413,True,A,validation
low_inlier_degenerate,7100,4,inf,inf,False,inf,369.39287975523155,True,A,validation
correct,7075,300,0.45754245484565575,0.8787886763349649,True,0.15324314412469922,0.0,False,A,validation
correct_noisy,7106,300,1.4346859913543812,2.5334225939496693,True,0.5563769025355458,0.0,False,A,validation
clustered_correct,7118,300,0.47952705072451907,0.8458936767526124,True,0.12418543778362884,0.0,False,A,validation
lattice_shift,7127,300,0.4814741671803545,0.8530150231837228,True,0.25351592602373907,64.0,True,A,validation
repeated_texture,7056,190,0.4694382560057389,0.8961185105245288,True,0.1767033006198196,64.0,True,A,validation
coherent_affine,7116,300,0.46422877422855635,0.8626135056869368,True,0.20247817711274446,52.70999014376441,True,A,validation
partial_overlap,7068,300,0.4861169808631133,0.8036665619465798,True,0.27855792747040703,21.142121256222413,True,A,validation
low_inlier_degenerate,7123,4,inf,inf,False,inf,244.81857343721117,True,A,validation
correct,7098,300,0.5315520087215512,0.9008417850449344,True,0.18677092822986072,0.0,False,A,validation
correct_noisy,7129,300,1.3775535475058343,2.585603073583306,True,0.6494457497521152,0.0,False,A,validation
clustered_correct,7141,300,0.494354023380344,0.8775175354624288,True,0.2855315037422641,0.0,False,A,validation
lattice_shift,7150,300,0.46417387541251465,0.8747556168638261,True,0.15825831244889565,64.0,True,A,validation
repeated_texture,7079,205,0.4582407677935947,0.8121016300427577,True,0.1317045328658718,64.0,True,A,validation
coherent_affine,7139,300,0.47169638558593463,0.9311776296267085,True,0.09968272886938687,52.70999014376441,True,A,validation
partial_overlap,7091,300,0.47261636724164136,0.8209777884483241,True,0.5051062035282013,21.142121256222413,True,A,validation
low_inlier_degenerate,7146,4,inf,inf,False,inf,265.39362011394826,True,A,validation
correct,7121,300,0.47030679290278754,0.8601356457692851,True,0.20918886722003718,0.0,False,A,validation
correct_noisy,7152,300,1.4673925273213415,2.5690834108015004,True,0.6530386210490666,0.0,False,A,validation
clustered_correct,7164,300,0.47662640436471804,0.8352252193413403,True,0.11852281065162043,0.0,False,A,validation
lattice_shift,7173,300,0.49194729965933826,0.8835978117492865,True,0.08367322035604721,64.0,True,A,validation
repeated_texture,7102,202,0.48738270667159317,0.8352432910942479,True,0.26144449852099283,64.0,True,A,validation
coherent_affine,7162,300,0.47494201207663445,0.876011464222379,True,0.1666117889517777,52.70999014376441,True,A,validation
partial_overlap,7114,300,0.42697278785222237,0.8585558346441344,True,0.5401381000102994,21.142121256222413,True,A,validation
low_inlier_degenerate,7169,4,inf,inf,False,inf,525.3602557460673,True,A,validation
correct,7144,300,0.4293549128994737,0.8328874747561081,True,0.14469440789506094,0.0,False,A,validation
correct_noisy,7175,300,1.4016874849242782,2.5278935419455397,True,0.3399367106696193,0.0,False,A,validation
clustered_correct,7187,300,0.4653459145686434,0.8629993402440839,True,0.4969398223130318,0.0,False,A,validation
lattice_shift,7196,300,0.46131467839178336,0.8687562714771753,True,0.12377827026382082,64.0,True,A,validation
repeated_texture,7125,179,0.4781668159349184,0.8129247021272524,True,0.2907332298685381,64.0,True,A,validation
coherent_affine,7185,300,0.47798052520013723,0.8926734694755207,True,0.1905976865583454,52.70999014376441,True,A,validation
partial_overlap,7137,300,0.5095718597252313,0.9401709052632323,True,0.7881209707749934,21.142121256222413,True,A,validation
low_inlier_degenerate,7192,4,inf,inf,False,inf,333.4670472206798,True,A,validation
correct,7167,300,0.4772865577640777,0.8925020644079157,True,0.18648842739512503,0.0,False,A,validation
correct_noisy,7198,300,1.4287866848054085,2.556763750252693,True,0.5349827494529416,0.0,False,A,validation
clustered_correct,7210,300,0.45892303623435615,0.812678290502147,True,0.22365008503391598,0.0,False,A,validation
lattice_shift,7219,300,0.45745453219031895,0.8698968800265199,True,0.22268400557818221,64.0,True,A,validation
repeated_texture,7148,201,0.4559422688756726,0.8526121131671743,True,0.1483817360175062,64.0,True,A,validation
coherent_affine,7208,300,0.49133866847943486,0.8518350481823246,True,0.1786475822796596,52.70999014376441,True,A,validation
partial_overlap,7160,300,0.5241337403724013,0.9514926212212411,True,0.641787957353102,21.142121256222413,True,A,validation
low_inlier_degenerate,7215,4,inf,inf,False,inf,285.8964307656105,True,A,validation
correct,7190,300,0.49522072799532135,0.8957117576368946,True,0.14164159648271013,0.0,False,A,validation
correct_noisy,7221,300,1.4263441449600904,2.681034322270512,True,0.5136748122081551,0.0,False,A,validation
clustered_correct,7233,300,0.49677542167216343,0.867347803519001,True,0.5130010297451302,0.0,False,A,validation
lattice_shift,7242,300,0.48571743868026995,0.8433319267953915,True,0.1328645460012467,64.0,True,A,validation
repeated_texture,7171,193,0.4869378730637996,0.8681139331747872,True,0.07804215119434577,64.0,True,A,validation
coherent_affine,7231,300,0.42693545801464805,0.8445051535432833,True,0.1789267593529843,52.70999014376441,True,A,validation
partial_overlap,7183,300,0.4680687411231787,0.8182931752078388,True,0.8290511259375224,21.142121256222413,True,A,validation
low_inlier_degenerate,7238,4,inf,inf,False,inf,395.2985988968913,True,A,validation
correct,7213,300,0.48373813309441976,0.8606652187068703,True,0.05706401392710593,0.0,False,A,validation
correct_noisy,7244,300,1.3616494569950213,2.319281164767392,True,0.477347851865083,0.0,False,A,validation
clustered_correct,7256,300,0.4774134230176913,0.8367742987503196,True,0.41534682737921935,0.0,False,A,validation
lattice_shift,7265,300,0.5029341255792533,0.8777273485655915,True,0.2186263981350613,64.0,True,A,validation
repeated_texture,7194,194,0.45776889691801936,0.9107968822779421,True,0.26938452998408546,64.0,True,A,validation
coherent_affine,7254,300,0.4840410672763535,0.8453007609154131,True,0.06521619164137615,52.70999014376441,True,A,validation
partial_overlap,7206,300,0.4464167769318036,0.8635023499768916,True,0.22125029958033124,21.142121256222413,True,A,validation
low_inlier_degenerate,7261,4,inf,inf,False,inf,184.11226998041093,True,A,validation
correct,7236,300,0.4742820532710219,0.8454374040040721,True,0.13202551979034133,0.0,False,A,validation
correct_noisy,7267,300,1.4046255593747556,2.583894583752577,True,0.36704185196699946,0.0,False,A,validation
clustered_correct,7279,300,0.4482367962384658,0.8771721141783005,True,0.3612798855414866,0.0,False,A,validation
lattice_shift,7288,300,0.4716168939672345,0.9052888983499622,True,0.14416312919860155,64.0,True,A,validation
repeated_texture,7217,196,0.4697200641903533,0.8511738983655788,True,0.28597350273041056,64.0,True,A,validation
coherent_affine,7277,300,0.4701107539026139,0.8334548863375391,True,0.14975992951512596,52.70999014376441,True,A,validation
partial_overlap,7229,300,0.4669285726768123,0.8352832769492348,True,0.35109122908999035,21.142121256222413,True,A,validation
low_inlier_degenerate,7284,4,inf,inf,False,inf,224.18249349538524,True,A,validation
correct,7259,300,0.5387383785723832,0.927292589344123,True,0.16703692271266674,0.0,False,A,validation
correct_noisy,7290,300,1.375482003907701,2.4615962152438744,True,0.5437361902668401,0.0,False,A,validation
clustered_correct,7302,300,0.4636348223462071,0.8454799362160146,True,0.2995784538454864,0.0,False,A,validation
lattice_shift,7311,300,0.4419877172192178,0.8954046094017125,True,0.1859557155470431,64.0,True,A,validation
repeated_texture,7240,198,0.45779021841312184,0.8439601231878838,True,0.2644174841650703,64.0,True,A,validation
coherent_affine,7300,300,0.49262967992647777,0.8646367735238071,True,0.15709941877275835,52.70999014376441,True,A,validation
partial_overlap,7252,300,0.46365183570395124,0.839610581378904,True,0.4275725147726642,21.142121256222413,True,A,validation
low_inlier_degenerate,7307,4,inf,inf,False,inf,208.6410653111982,True,A,validation
correct,7282,300,0.48874393608090927,0.8689346236977653,True,0.1429087336545076,0.0,False,A,validation
correct_noisy,7313,300,1.4224680558616376,2.536003020019121,True,0.23195780572248131,0.0,False,A,validation
clustered_correct,7325,300,0.4742778435861987,0.8575980393287767,True,0.2742075317156636,0.0,False,A,validation
lattice_shift,7334,300,0.45874501594260414,0.7988058084054779,True,0.2177806898185778,64.0,True,A,validation
repeated_texture,7263,204,0.4662120869984486,0.8906006833931104,True,0.1852492633879645,64.0,True,A,validation
coherent_affine,7323,300,0.45237103200269385,0.8258016430844166,True,0.15348383501485324,52.70999014376441,True,A,validation
partial_overlap,7275,300,0.5058320730782557,0.8591675160770539,True,0.6141958733038648,21.142121256222413,True,A,validation
low_inlier_degenerate,7330,4,inf,inf,False,inf,311.27993940043854,True,A,validation
