arm,arm_wall_s,coverage_max_uncovered_disc_ratio,coverage_occupancy,decimation,delta_incidence_deg,edge,exploratory,fit_rmse_is_not_accuracy,fit_rmse_px,gsd_m,inlier_ratio,label,n_inliers,n_inliers_failure_flag,n_keypoints_dst,n_keypoints_src,n_putative,pass,recorded_n_inliers,reproduces_recorded,shape,target,tier,wall_s
none,12.179339699971024,0.4767323675870726,0.046875,2,39.81,nac.m1271742202lc -> nac.m1335207975rc,False,True,4.1382633578908315e-13,1.845,0.125,A -> B,4,True,12420,9538,32,False,4,True,"[2048, 1024]",REAL-DATA-03,tier1,4.520635000022594
photometric_ls,11.58751670003403,0.4767323675870726,0.046875,2,39.81,nac.m1271742202lc -> nac.m1335207975rc,False,True,4.1382633578908315e-13,1.845,0.125,A -> B,4,True,12420,9532,32,False,,,"[2048, 1024]",REAL-DATA-03,tier1,4.188960000057705
photometric_hapke,11.683455399994273,0.4767323675870726,0.046875,2,39.81,nac.m1271742202lc -> nac.m1335207975rc,False,True,4.1382633578908315e-13,1.845,0.125,A -> B,4,True,12420,9541,32,False,,,"[2048, 1024]",REAL-DATA-03,tier1,4.26080080011161
dem_render_b1,12.2168687999947,,,2,39.81,nac.m1271742202lc -> nac.m1335207975rc,False,,,1.845,,A -> B,0,True,,,,False,,,"[2048, 1024]",REAL-DATA-03,tier1,
dem_render_lg,54.50566720002098,,,2,39.81,nac.m1271742202lc -> nac.m1335207975rc,False,,,1.845,,A -> B,0,True,,,,False,,,"[2048, 1024]",REAL-DATA-03,tier1,
learned_lg,36.96585989999585,0.4210280216704564,0.140625,2,39.81,nac.m1271742202lc -> nac.m1335207975rc,False,True,1.610826079273573,1.845,0.8260869565217391,A -> B,38,False,4096,4096,46,True,,,"[2048, 1024]",REAL-DATA-03,tier1,29.956731499987654
photometric_ls_pixel,10.930277599953115,0.5253888098249313,0.046875,2,39.81,nac.m1271742202lc -> nac.m1335207975rc,True,True,0.44807860781599707,1.845,0.16216216216216217,A -> B,6,True,10245,9762,37,False,,,"[2048, 1024]",REAL-DATA-03,tier1,2.9385692999931052
none,11.495218399970327,0.10758155745250321,0.875,2,0.960000000000008,nac.m1335207975rc -> nac.m1452560468lc,False,True,0.5829079860626339,1.77,0.9949925816023739,B -> C,5365,False,11477,12420,5392,True,5365,True,"[2048, 1024]",REAL-DATA-03,tier1,3.0558344000019133
photometric_ls,11.422585000051185,0.10758155745250321,0.875,2,0.960000000000008,nac.m1335207975rc -> nac.m1452560468lc,False,True,0.5829079860626339,1.77,0.9949925816023739,B -> C,5365,False,11477,12420,5392,True,,,"[2048, 1024]",REAL-DATA-03,tier1,3.0507511000032537
photometric_hapke,11.370362300018314,0.10758155745250321,0.875,2,0.960000000000008,nac.m1335207975rc -> nac.m1452560468lc,False,True,0.5829079860626339,1.77,0.9949925816023739,B -> C,5365,False,11477,12420,5392,True,,,"[2048, 1024]",REAL-DATA-03,tier1,2.997935299994424
dem_render_b1,9.060535299999174,,,2,0.960000000000008,nac.m1335207975rc -> nac.m1452560468lc,False,,,1.77,,B -> C,3,True,,,,False,,,"[2048, 1024]",REAL-DATA-03,tier1,
dem_render_lg,54.1256713999901,,,2,0.960000000000008,nac.m1335207975rc -> nac.m1452560468lc,False,,,1.77,,B -> C,3,True,,,,False,,,"[2048, 1024]",REAL-DATA-03,tier1,
learned_lg,33.76094289997127,0.1419970232154561,0.8125,2,0.960000000000008,nac.m1335207975rc -> nac.m1452560468lc,False,True,0.9750689390629933,1.77,0.9922513990529488,B -> C,2305,False,4096,4096,2323,True,,,"[2048, 1024]",REAL-DATA-03,tier1,26.344632000022102
photometric_ls_pixel,10.27884509996511,0.10758155745250321,0.875,2,0.960000000000008,nac.m1335207975rc -> nac.m1452560468lc,True,True,0.3427608166453016,1.77,0.9809296781883194,B -> C,2469,False,9752,10245,2517,True,,,"[2048, 1024]",REAL-DATA-03,tier1,2.248503799957689
none,22.40080589998979,0.44060894010238205,0.046875,2,38.849999999999994,nac.m1452560468lc -> nac.m1271742202lc,False,True,0.8850864772888422,1.785,0.08163265306122448,C -> A,4,True,9538,11477,49,False,4,True,"[2048, 1024]",REAL-DATA-03,tier1,10.112461999990046
photometric_ls,24.27449860004708,0.44060894010238205,0.046875,2,38.849999999999994,nac.m1452560468lc -> nac.m1271742202lc,False,True,0.8851565951005986,1.785,0.08163265306122448,C -> A,4,True,9532,11477,49,False,,,"[2048, 1024]",REAL-DATA-03,tier1,11.788277000072412
photometric_hapke,23.28416079998715,0.4902966220441362,0.046875,2,38.849999999999994,nac.m1452560468lc -> nac.m1271742202lc,False,True,1.0596017492427097,1.785,0.08,C -> A,4,True,9541,11477,50,False,,,"[2048, 1024]",REAL-DATA-03,tier1,11.69192449998809
dem_render_b1,2.064254399971105,,,2,38.849999999999994,nac.m1452560468lc -> nac.m1271742202lc,False,,,1.785,,C -> A,0,True,,,,False,,,"[2048, 1024]",REAL-DATA-03,tier1,
dem_render_lg,72.32386019994738,,,2,38.849999999999994,nac.m1452560468lc -> nac.m1271742202lc,False,,,1.785,,C -> A,0,True,,,,False,,,"[2048, 1024]",REAL-DATA-03,tier1,
learned_lg,38.03912109998055,0.330606432791802,0.265625,2,38.849999999999994,nac.m1452560468lc -> nac.m1271742202lc,False,True,1.1344066310167895,1.785,0.7777777777777778,C -> A,56,False,4096,4096,72,True,,,"[2048, 1024]",REAL-DATA-03,tier1,30.76757969998289
photometric_ls_pixel,12.475253900047392,0.5681885347836317,0.046875,2,38.849999999999994,nac.m1452560468lc -> nac.m1271742202lc,True,True,0.40840475278363053,1.785,0.10526315789473684,C -> A,4,True,9762,9752,38,False,,,"[2048, 1024]",REAL-DATA-03,tier1,4.6233500999514945
none,11.42173790000379,0.46042617626927473,0.0625,2,39.81,nac.m1271742202lc -> nac.m1335207975rc,False,True,1.1053335547230574,1.845,0.14,A -> B,7,True,11633,10794,50,False,7,True,"[2048, 1024]",REAL-DATA-04,tier1,3.9497313000028953
photometric_ls,11.018396199971903,0.46042617626927473,0.0625,2,39.81,nac.m1271742202lc -> nac.m1335207975rc,False,True,1.1053335547230574,1.845,0.14,A -> B,7,True,11633,10794,50,False,,,"[2048, 1024]",REAL-DATA-04,tier1,3.6484600999974646
photometric_hapke,11.202614400011953,0.46042617626927473,0.0625,2,39.81,nac.m1271742202lc -> nac.m1335207975rc,False,True,1.1053335547230574,1.845,0.14,A -> B,7,True,11633,10794,50,False,,,"[2048, 1024]",REAL-DATA-04,tier1,3.7095297000487335
dem_render_b1,9.098215099947993,,,2,39.81,nac.m1271742202lc -> nac.m1335207975rc,False,,,1.845,,A -> B,0,True,,,,False,,,"[2048, 1024]",REAL-DATA-04,tier1,
dem_render_lg,53.4777793000103,,,2,39.81,nac.m1271742202lc -> nac.m1335207975rc,False,,,1.845,,A -> B,0,True,,,,False,,,"[2048, 1024]",REAL-DATA-04,tier1,
learned_lg,37.47871320002014,0.49771511622017517,0.046875,2,39.81,nac.m1271742202lc -> nac.m1335207975rc,False,True,6.563712636189231e-14,1.845,1.0,A -> B,3,True,4096,4096,3,False,,,"[2048, 1024]",REAL-DATA-04,tier1,30.237714900053106
photometric_ls_pixel,11.762567900004797,0.3727105506985961,0.046875,2,39.81,nac.m1271742202lc -> nac.m1335207975rc,True,True,1.6077746776921858e-13,1.845,0.125,A -> B,5,True,10487,10740,40,False,,,"[2048, 1024]",REAL-DATA-04,tier1,3.9889338999637403
none,13.345065000001341,0.42682484813887006,0.046875,2,51.540000000000006,nac.m1335207975rc -> nac.m1299958135lc,False,True,1.8852829216231156e-13,1.985,0.10344827586206896,B -> D,3,True,12593,11633,29,False,3,True,"[2048, 1024]",REAL-DATA-04,tier1,5.935554899973795
photometric_ls,13.832506900012959,0.42682484813887006,0.046875,2,51.540000000000006,nac.m1335207975rc -> nac.m1299958135lc,False,True,1.8852829216231156e-13,1.985,0.10344827586206896,B -> D,3,True,12593,11633,29,False,,,"[2048, 1024]",REAL-DATA-04,tier1,6.199418299947865
photometric_hapke,13.520078199973796,0.42682484813887006,0.046875,2,51.540000000000006,nac.m1335207975rc -> nac.m1299958135lc,False,True,1.8852829216231156e-13,1.985,0.10344827586206896,B -> D,3,True,12593,11633,29,False,,,"[2048, 1024]",REAL-DATA-04,tier1,5.9183359000016935
dem_render_b1,2.7565493999863975,,,2,51.540000000000006,nac.m1335207975rc -> nac.m1299958135lc,False,,,1.985,,B -> D,0,True,,,,False,,,"[2048, 1024]",REAL-DATA-04,tier1,
dem_render_lg,53.61055859999033,,,2,51.540000000000006,nac.m1335207975rc -> nac.m1299958135lc,False,,,1.985,,B -> D,0,True,,,,False,,,"[2048, 1024]",REAL-DATA-04,tier1,
learned_lg,40.53471849998459,0.7279206738273436,0.03125,2,51.540000000000006,nac.m1335207975rc -> nac.m1299958135lc,False,True,6.033619429252006e-13,1.985,1.0,B -> D,3,True,4096,4096,3,False,,,"[2048, 1024]",REAL-DATA-04,tier1,33.27833160001319
photometric_ls_pixel,11.620553600019775,0.4195651646266216,0.03125,2,51.540000000000006,nac.m1335207975rc -> nac.m1299958135lc,True,True,6.431098710768743e-13,1.985,0.13793103448275862,B -> D,4,True,12669,10487,29,False,,,"[2048, 1024]",REAL-DATA-04,tier1,3.9794461999554187
none,10.194770900008734,0.10334689225690416,1.0,2,11.73,nac.m1299958135lc -> nac.m1271742202lc,False,True,0.8779232510137617,2.0,0.9414440022740194,D -> A,1656,False,10794,12593,1759,True,1656,True,"[2048, 1024]",REAL-DATA-04,tier1,2.8679373000049964
photometric_ls,10.555078400007915,0.10334689225690416,1.0,2,11.73,nac.m1299958135lc -> nac.m1271742202lc,False,True,0.8779232510137617,2.0,0.9414440022740194,D -> A,1656,False,10794,12593,1759,True,,,"[2048, 1024]",REAL-DATA-04,tier1,2.8922130999853835
photometric_hapke,10.544081500032917,0.10334689225690416,1.0,2,11.73,nac.m1299958135lc -> nac.m1271742202lc,False,True,0.8779232510137617,2.0,0.9414440022740194,D -> A,1656,False,10794,12593,1759,True,,,"[2048, 1024]",REAL-DATA-04,tier1,2.895002699980978
dem_render_b1,1.2874305000295863,,,2,11.73,nac.m1299958135lc -> nac.m1271742202lc,False,,,2.0,,D -> A,0,True,,,,False,,,"[2048, 1024]",REAL-DATA-04,tier1,
dem_render_lg,52.87473839998711,,,2,11.73,nac.m1299958135lc -> nac.m1271742202lc,False,,,2.0,,D -> A,0,True,,,,False,,,"[2048, 1024]",REAL-DATA-04,tier1,
learned_lg,34.39348080003401,0.14254936032614993,0.84375,2,11.73,nac.m1299958135lc -> nac.m1271742202lc,False,True,0.9884778548893942,2.0,0.9687650168188371,D -> A,2016,False,4096,4096,2081,True,,,"[2048, 1024]",REAL-DATA-04,tier1,27.022534299991094
photometric_ls_pixel,10.76337430003332,0.09728934982993787,1.0,2,11.73,nac.m1299958135lc -> nac.m1271742202lc,True,True,1.0909924743705628,2.0,0.9315175097276265,D -> A,1197,False,10740,12669,1285,True,,,"[2048, 1024]",REAL-DATA-04,tier1,2.9098860999802127
learned_lg_repeat,0.0,,,2,,nac.m1271742202lc -> nac.m1335207975rc,True,,,,,determinism,"[3, 3]",,,,,True,,,,REAL-DATA-04,tier1,
