group,label,scene,model,root_sift,delta_azimuth_deg,delta_elevation_deg,sun_elevation_src,ambiguity,overlap_fraction,n_kp_src,n_kp_dst,n_putative,n_inliers,reported_inlier_ratio,reported_fit_rmse,true_putative_precision,true_inlier_precision,true_inlier_recall,true_error_median,true_error_p90,transform_error_median,transform_error_p90,transform_error_max,confidence_gap,coverage_max_gap_ratio,coverage_occupancy,coverage_entropy,failure_mode,gen_s,detect_s,match_s,ransac_s,pipeline_s
A_model,truth=translation,highlands,affine,True,0.0,0.0,45.0,0.0,1.0,2890,2914,2454,2454,1.0,0.16234316852622274,1.0,1.0,1.0,0.02747800953318249,0.1424966658441356,0.008528716337148797,0.018290623248878278,0.022192566204690522,0.0,0.04590882528727796,1.0,0.9925550617445672,none,4.989274999941699,0.12386699998751283,0.0897726999828592,0.1576442999066785,0.3712839998770505
A_model,truth=euclidean,highlands,affine,True,0.0,0.0,45.0,0.0,1.0,2890,2883,1875,1863,0.9936,0.5379562656112457,0.9936,1.0,1.0,0.27471001927066485,0.7990828424621731,0.03318034504488414,0.06374379918326106,0.07741429480644861,-0.006399999999999961,0.04336641271713773,1.0,0.9888300300560303,none,4.9589332999894395,0.11659869994036853,0.08905419998336583,0.21951970004010946,0.4251725999638438
A_model,truth=similarity,highlands,affine,True,0.0,0.0,45.0,0.0,1.0,2890,2205,1452,1443,0.993801652892562,0.7337640904253182,0.990358126721763,0.9965349965349966,1.0,0.3433514288937486,1.0032810430825927,0.3855255251154695,0.7008803879430524,0.9148703467742832,-0.0027333436424346047,0.03957187419795861,1.0,0.9693639901099256,none,4.965409799944609,0.10968260001391172,0.06696070008911192,0.1684589000651613,0.34510220016818494
A_model,truth=affine,highlands,affine,True,0.0,0.0,45.0,0.0,1.0,2890,2735,2003,1997,0.9970044932601099,0.43496355563690653,0.9965052421367948,0.99949924887331,1.0,0.16078219687148423,0.4795503517196483,0.24807356355109378,0.4422974069442447,0.5244039915131131,-0.002494755613200117,0.041432037960149264,1.0,0.988974267263189,none,5.054609899991192,0.12423339998349547,0.08600789995398372,0.19605510006658733,0.4062964000040665
A_model,truth=projective,highlands,projective,True,0.0,0.0,45.0,0.0,1.0,2890,2732,2115,2112,0.9985815602836879,0.29515410923457713,0.9985815602836879,1.0,1.0,0.12732854845659825,0.39291940026401745,0.019201499454228936,0.032186729004094944,0.04893659637683751,-0.0014184397163120588,0.04958399326088321,1.0,0.9927090759460531,none,5.043342699995264,0.11577849998138845,0.08521399996243417,58.856441400013864,59.05743389995769
B_azimuth,d_az=0,highlands,affine,True,0.0,0.0,45.0,0.0,1.0,2890,2856,2027,2023,0.9980266403552047,0.6158559792272245,0.9970399605328071,0.9990113692535838,1.0,0.21011381195864043,0.6616668046447794,0.35897706894387194,0.5559886326121256,0.6749583156985446,-0.0009847288983790836,0.047037478823407405,1.0,0.9899381566029432,none,4.9629102000035346,0.11714260000735521,0.08979719993658364,0.1903483000351116,0.39728809997905046
B_azimuth,d_az=15,highlands,affine,True,15.0,0.0,45.0,0.0,1.0,2890,2910,1571,1562,0.9942711648631445,0.747852878713122,0.9929980903882877,0.998719590268886,1.0,0.3861133917855774,1.1340798984090765,0.20766260396007463,0.48276697118001893,0.6850227497843984,-0.0044484254057415296,0.05081879621585034,1.0,0.9904778706568244,none,4.984759400016628,0.11632470006588846,0.09338119998574257,0.2051520999521017,0.41485800000373274
B_azimuth,d_az=30,highlands,affine,True,30.0,0.0,45.0,0.0,1.0,2890,2902,179,147,0.8212290502793296,1.3373884754434069,0.8044692737430168,0.9795918367346939,1.0,0.8420812064433163,2.24229654648018,0.28952258777418566,0.5785577992999094,0.8411187092480087,-0.15836278645536428,0.15408658533840638,0.859375,0.9243798228831556,none,4.9534178000176325,0.11847389989998192,0.08852240000851452,0.1196749999653548,0.32667129987385124
B_azimuth,d_az=45,highlands,affine,True,45.0,0.0,45.0,0.0,1.0,2890,2864,28,4,0.14285714285714285,5.684341886080802e-14,0.03571428571428571,0.0,0.0,194.7280046476083,262.2666775424579,325.5913531546458,677.0017385928815,974.3911662072315,0.14285714285714285,0.446040044381002,0.046875,0.25,no_model_found,4.927842400036752,0.12010180007200688,0.09116499999072403,0.9619978999253362,1.1732646999880672
B_azimuth,d_az=60,highlands,affine,True,60.0,0.0,45.0,0.0,1.0,2890,2823,22,4,0.18181818181818182,0.681209747987249,0.0,0.0,0.0,211.80890790499024,243.64068900280026,210.9958175376279,323.42230746287294,407.7105536210057,0.18181818181818182,0.41311248621838,0.0625,0.33333333333333337,no_model_found,4.9758082999615,0.11452920001465827,0.0864473000401631,0.3932041999651119,0.5941807000199333
B_azimuth,d_az=90,highlands,affine,True,90.0,0.0,45.0,0.0,1.0,2890,2797,17,3,0.17647058823529413,2.45591638698589e-13,0.0,0.0,0.0,226.23000363505264,310.4418483879094,1000.178732582812,1935.273448059851,2746.8973804127663,0.17647058823529413,0.5663473164383442,0.046875,0.26416041678685936,no_model_found,4.958441799972206,0.11844710004515946,0.08482180000282824,0.4313457999378443,0.634614699985832
B_azimuth,d_az=135,highlands,affine,True,135.0,0.0,45.0,0.0,1.0,2890,2881,29,4,0.13793103448275862,0.843830809518656,0.0,0.0,0.0,202.44670848626276,223.14439734045928,332.61493858205694,513.1788023596462,634.190593620055,0.13793103448275862,0.5253143822467765,0.0625,0.33333333333333337,no_model_found,4.9671478000236675,0.12551459996029735,0.09390890004578978,0.9199238999281079,1.139347399934195
B_azimuth,d_az=180,highlands,affine,True,-180.0,0.0,45.0,0.0,1.0,2890,2844,28,4,0.14285714285714285,2.1316282072803006e-13,0.0,0.0,0.0,208.19280037212417,371.63503367057575,769.6954463289976,1239.9196681938527,1721.5193594621926,0.14285714285714285,0.5676374011975261,0.046875,0.25,no_model_found,5.01661829999648,0.11654119996819645,0.090721599990502,0.9540520999580622,1.1613148999167606
B_elevation,d_el=-30,highlands,affine,True,0.0,-30.0,45.0,0.0,1.0,2890,2175,76,60,0.7894736842105263,1.2565871198394998,0.7763157894736842,0.9833333333333333,1.0,0.9174401978330582,2.029806106460302,0.7503025380045196,1.2195652898479656,1.5347161906691191,-0.19385964912280695,0.21413679852245227,0.53125,0.8107891964542508,none,4.962302300031297,0.11304849991574883,0.0693711000494659,0.0982615000102669,0.28068109997548163
B_elevation,d_el=-15,highlands,affine,True,0.0,-15.0,45.0,0.0,1.0,2890,2623,859,834,0.9708963911525029,0.8953030229056016,0.9662398137369034,0.9952038369304557,1.0,0.5583484890065527,1.5440530230200353,0.3249084200257983,0.3565156010591598,0.385323167941774,-0.02430744577795274,0.07012235574615719,1.0,0.9781388294100525,none,4.979624099913053,0.11802549997810274,0.08097829995676875,0.16205360007006675,0.36105740000493824
B_elevation,d_el=15,highlands,affine,True,0.0,15.0,45.0,0.0,1.0,2890,3518,1163,1135,0.9759243336199485,1.0077598082597408,0.9742046431642304,0.9955947136563876,0.9973521624007061,0.5118981594215124,1.3711568903353382,0.48938762734958163,1.041780420126955,1.3243601869889978,-0.019670380036439172,0.06686422956493629,1.0,0.9867150261091646,none,4.986212200019509,0.12274690007325262,0.11068080004770309,0.18522099999245256,0.41864870011340827
C_scale,scale=1.0,highlands,affine,True,0.0,0.0,45.0,0.0,1.0,2890,2886,2762,2762,1.0,0.07221222851274738,1.0,1.0,1.0,0.01905732101662001,0.06719004612824833,0.0017004032030200934,0.002592727975939913,0.00340404010401407,0.0,0.028437929255002024,1.0,0.9968455397977665,none,5.108503099996597,0.12175319995731115,0.09279869997408241,0.1720445000100881,0.38659639994148165
C_scale,scale=1.25,highlands,affine,True,0.0,0.0,45.0,0.0,1.0,2890,1817,1397,1390,0.9949892627057981,0.31770983313361334,0.9949892627057981,1.0,1.0,0.12335329943472752,0.30333973934559383,0.26997641218936314,0.545753963541958,0.7849848618995146,-0.005010737294201872,0.04574233761183738,1.0,0.9962973962477679,none,4.979423900018446,0.11307100008707494,0.058743300032801926,0.13528429996222258,0.30709860008209944
C_scale,scale=1.5,highlands,affine,True,0.0,0.0,45.0,0.0,1.0,2890,1287,961,955,0.9937565036420395,0.28888516205676923,0.9937565036420395,1.0,1.0,0.21224982345985854,0.4034292088693177,0.1775350665559479,0.19074119867378697,0.1977717671438455,-0.00624349635796051,0.046425251265643404,1.0,0.9733504380914159,none,5.008442899910733,0.11444979999214411,0.042613400029949844,0.13452790002338588,0.29159110004547983
C_scale,scale=2.0,highlands,affine,True,0.0,0.0,45.0,0.0,1.0,2890,750,563,559,0.9928952042628775,0.2721249529552388,0.9928952042628775,1.0,1.0,0.36435230987864464,0.5104537058466488,0.34070680623248883,0.35522225382655787,0.3646050213881638,-0.007104795737122527,0.04979511243742953,1.0,0.990987993129848,none,6.032729299971834,0.09880349994637072,0.024718399974517524,0.10167220002040267,0.22519409994129092
C_scale,scale=3.0,highlands,affine,True,0.0,0.0,45.0,0.0,1.0,2890,325,218,205,0.9403669724770642,0.6994834419807042,0.9357798165137615,0.9951219512195122,1.0,0.7406297156586443,1.1650789632633338,1.2769628721376551,2.2559190578762087,3.171795204230378,-0.054754978742447946,0.04632242666262274,1.0,0.8362228031699914,none,4.98079850000795,0.09339370008092374,0.012157800025306642,0.08723269996698946,0.19278420007321984
C_scale,scale=4.0,highlands,affine,True,0.0,0.0,45.0,0.0,1.0,2890,178,133,129,0.9699248120300752,0.4833956740453387,0.9699248120300752,1.0,1.0,1.0865398599973384,1.4473063284539678,1.1081978225651956,1.2695781350520141,1.4968332802387327,-0.03007518796992481,0.04154696755113798,1.0,0.9962540662024778,none,4.979462600080296,0.093770100036636,0.008401499944739044,0.08817490004003048,0.19034650002140552
D_scene,highlands/same_sun,highlands,affine,True,0.0,0.0,45.0,0.0,1.0,2890,2856,2027,2023,0.9980266403552047,0.6158559792272245,0.9970399605328071,0.9990113692535838,1.0,0.21011381195864043,0.6616668046447794,0.35897706894387194,0.5559886326121256,0.6749583156985446,-0.0009847288983790836,0.047037478823407405,1.0,0.9899381566029432,none,4.966034200042486,0.11908009997569025,0.09134140005335212,0.18674469995312393,0.3971661999821663
D_scene,highlands/d_az=60,highlands,affine,True,60.0,0.0,45.0,0.0,1.0,2890,2823,22,4,0.18181818181818182,0.681209747987249,0.0,0.0,0.0,211.80890790499024,243.64068900280026,210.9958175376279,323.42230746287294,407.7105536210057,0.18181818181818182,0.41311248621838,0.0625,0.33333333333333337,no_model_found,4.9435334000736475,0.11677050008438528,0.08588129992131144,0.3967716000042856,0.5994234000099823
D_scene,mare/same_sun,mare,affine,True,0.0,0.0,45.0,0.0,1.0,1523,1514,1102,1101,0.9990925589836661,0.46633769661091823,0.9981851179673321,0.9990917347865577,1.0,0.24318083160612305,0.6983730251899725,0.019723777018838564,0.03982996909373891,0.04948661531200136,8.241971084510524e-07,0.0540207683044505,1.0,0.9870400376916436,none,4.9662095999810845,0.0935875999275595,0.026814699987880886,0.176614600000903,0.2970168999163434
D_scene,mare/d_az=60,mare,affine,True,60.0,0.0,45.0,0.0,1.0,1523,1549,2,0,0.0,nan,0.0,0.0,0.0,inf,inf,inf,inf,inf,0.0,1.0,0.0,0.0,too_few_putative_matches,5.024057199945673,0.09422510000877082,0.027450299938209355,4.299997817724943e-05,0.12171839992515743
D_scene,repetitive/same_sun,repetitive,affine,True,0.0,0.0,45.0,0.0,1.0,494,509,353,352,0.9971671388101983,0.5404499871015218,0.9971671388101983,1.0,1.0,0.29904781794691615,0.8705243023463731,0.11837790015385653,0.21686764675845974,0.28696650742558544,-0.0028328611898017497,0.09576289587602548,0.953125,0.9651831821856379,none,4.977291199960746,0.07421649992465973,0.004436600022017956,0.10816229996271431,0.186815399909392
D_scene,repetitive/d_az=60,repetitive,affine,True,60.0,0.0,45.0,0.0,1.0,494,522,15,3,0.2,0.0,0.0,0.0,0.0,70.49440177853397,175.329317671856,818.0968633963278,2046.8444383826532,2407.077190154212,0.2,0.5099190082939948,0.046875,0.26416041678685936,no_model_found,4.952591499895789,0.07498579996172339,0.0038512999890372157,0.29943030001595616,0.37826739996671677
D_scene,mixed/same_sun,mixed,affine,True,0.0,0.0,45.0,0.0,1.0,2034,2037,1433,1430,0.9979064898813678,0.4572800836882419,0.9972086531751571,0.9993006993006993,1.0,0.22124540311167742,0.6656558461991889,0.02057157527211774,0.040560811699423494,0.05147726485825713,-0.001394209419331549,0.05414420420167621,1.0,0.9796740094503681,none,5.005044399993494,0.10494099999777973,0.04643929994199425,0.17214050004258752,0.3235207999823615
D_scene,mixed/d_az=60,mixed,affine,True,60.0,0.0,45.0,0.0,1.0,2034,1940,10,4,0.4,9.094947017729282e-13,0.0,0.0,0.0,422.3083241583181,449.5667998452934,2422.5582341863956,5638.635862902326,8212.18216370005,0.4,0.6326572557452181,0.046875,0.25,no_model_found,4.959158300072886,0.10171240009367466,0.042663800064474344,0.05298779997974634,0.19736400013789535
E_ambiguity,ambiguity=0.0,repetitive,affine,True,0.0,0.0,35.0,0.0,1.0,713,729,570,567,0.9947368421052631,0.12723582185854815,0.9947368421052631,1.0,1.0,0.059436705947715426,0.18732537561265036,0.008666774295724659,0.01705429668220592,0.020656864075621766,-0.0052631578947368585,0.06397788810218437,1.0,0.9844432596337319,none,4.9902749001048505,0.08069189998786896,0.007008400047197938,0.09944819996599108,0.18714850000105798
E_ambiguity,ambiguity=0.4,repetitive,affine,True,0.0,0.0,35.0,0.4,1.0,332,346,250,248,0.992,0.13341583810860994,0.992,1.0,1.0,0.04941648700918527,0.18326182527939092,0.009188554538577346,0.01792697372337193,0.024613948877023534,-0.008000000000000007,0.07520165354757209,1.0,0.9771970369501722,none,4.9982272000052035,0.07309399999212474,0.0026596999960020185,0.08371110004372895,0.1594648000318557
E_ambiguity,ambiguity=0.7,repetitive,affine,True,0.0,0.0,35.0,0.7,1.0,149,158,104,100,0.9615384615384616,0.0946473445811503,0.9615384615384616,1.0,1.0,0.021750462164727733,0.06635181728322023,0.015578714928409215,0.02682189791593283,0.03468940554816021,-0.038461538461538436,0.13747003402162322,0.8928571428571429,0.9575475649706782,none,4.981216199928895,0.06910009996499866,0.001116100000217557,0.07241929997690022,0.14263549994211644
E_ambiguity,ambiguity=0.9,repetitive,affine,True,0.0,0.0,35.0,0.9,1.0,176,179,122,112,0.9180327868852459,0.03858558177435015,0.9180327868852459,1.0,1.0,0.018614002836236345,0.04632478186371501,0.006280612337854924,0.014415490403822437,0.021728544930177535,-0.08196721311475408,0.13364999044627374,0.8214285714285714,0.940642504256363,none,4.971302999998443,0.06921220000367612,0.0009794000070542097,0.07103150000330061,0.14122310001403093
E_ambiguity,ambiguity=1.0,repetitive,affine,True,0.0,0.0,35.0,1.0,1.0,190,190,40,7,0.175,0.027665648397706407,0.05,0.0,0.0,64.01528932437438,64.03254283298294,64.00812937712567,64.01233523840673,64.01486132480034,0.175,0.37937159327779507,0.07142857142857142,0.33094724202019393,no_model_found,5.046461399993859,0.0690544000826776,0.0009198000188916922,0.45156720001250505,0.5215414001140743
F_low_sun,elevation=10.0,highlands,affine,True,45.0,0.0,10.0,0.0,1.0,1754,1757,49,6,0.12244897959183673,9.35472980649455e-14,0.04081632653061224,0.0,0.0,213.6621455291214,363.77544930633945,848.2439516042347,1550.2037759128518,1944.139444712858,0.12244897959183673,0.6092278718620115,0.046875,0.26416041678685936,no_model_found,4.945009200018831,0.09650879993569106,0.03305800002999604,1.7136773999081925,1.8432441998738796
F_low_sun,elevation=20.0,highlands,affine,True,45.0,0.0,20.0,0.0,1.0,2423,2530,46,4,0.08695652173913043,1.9742350317315248e-13,0.0,0.0,0.0,184.12865590719048,294.6665437977164,355.4902284815688,635.8861046145396,891.114484087004,0.08695652173913043,0.523441143877242,0.046875,0.25,no_model_found,4.930063799954951,0.11165779992006719,0.06621030007954687,3.8225858999649063,4.00045399996452
F_low_sun,elevation=35.0,highlands,affine,True,45.0,0.0,35.0,0.0,1.0,2735,2720,26,3,0.11538461538461539,1.659285912877995e-13,0.038461538461538464,0.3333333333333333,1.0,149.18657850344033,246.67910850778708,192.84369568921113,446.50113454092246,600.4986993311023,-0.21794871794871792,0.46834495846765584,0.046875,0.26416041678685936,no_model_found,4.924678599927574,0.11535620002541691,0.07952449994627386,1.5420875999843702,1.736968299956061
F_low_sun,elevation=60.0,highlands,affine,True,45.0,0.0,60.0,0.0,1.0,3606,3631,27,8,0.2962962962962963,0.587851515507355,0.2962962962962963,1.0,1.0,0.48794788552384627,1.0551585395559133,0.29093841636001716,0.4785489287980645,0.6911249690430429,-0.7037037037037037,0.39223301839933905,0.125,0.5,poor_spatial_coverage,4.975973399938084,0.13051849999465048,0.1405993999214843,0.10240890004206449,0.37352679995819926
G_rootsift,root_sift=True/d_az=0,highlands,affine,True,0.0,0.0,45.0,0.0,1.0,2890,2856,2027,2023,0.9980266403552047,0.6158559792272245,0.9970399605328071,0.9990113692535838,1.0,0.21011381195864043,0.6616668046447794,0.35897706894387194,0.5559886326121256,0.6749583156985446,-0.0009847288983790836,0.047037478823407405,1.0,0.9899381566029432,none,4.976352000026964,0.11552009999286383,0.09349390002898872,0.1840022000251338,0.39301620004698634
G_rootsift,root_sift=True/d_az=45,highlands,affine,True,45.0,0.0,45.0,0.0,1.0,2890,2864,28,4,0.14285714285714285,5.684341886080802e-14,0.03571428571428571,0.0,0.0,194.7280046476083,262.2666775424579,325.5913531546458,677.0017385928815,974.3911662072315,0.14285714285714285,0.446040044381002,0.046875,0.25,no_model_found,4.941512699937448,0.11761359998490661,0.08921240002382547,0.9438433999894187,1.1506693999981508
G_rootsift,root_sift=True/d_az=90,highlands,affine,True,90.0,0.0,45.0,0.0,1.0,2890,2797,17,3,0.17647058823529413,2.45591638698589e-13,0.0,0.0,0.0,226.23000363505264,310.4418483879094,1000.178732582812,1935.273448059851,2746.8973804127663,0.17647058823529413,0.5663473164383442,0.046875,0.26416041678685936,no_model_found,4.976218799944036,0.11641759995836765,0.08720399998128414,0.43243509996682405,0.6360566999064758
G_rootsift,root_sift=False/d_az=0,highlands,affine,False,0.0,0.0,45.0,0.0,1.0,2890,2856,2031,2024,0.9965534219596258,0.5243745517770767,0.9960610536681438,0.9995059288537549,1.0,0.21126184303012274,0.6709796103501202,0.22321797134687305,0.48654484041485235,0.699875246373493,-0.00295250689412907,0.047037478823407405,1.0,0.9903381677364124,none,4.974748600041494,0.11219390004407614,0.0869386000558734,0.1793533000163734,0.37848580011632293
G_rootsift,root_sift=False/d_az=45,highlands,affine,False,45.0,0.0,45.0,0.0,1.0,2890,2864,41,5,0.12195121951219512,0.30692210313660345,0.0,0.0,0.0,174.56614523708836,194.7280046476083,318.2485979875025,617.2318049558821,820.974407468572,0.12195121951219512,0.446040044381002,0.0625,0.3203213491478938,no_model_found,4.915692200069316,0.11609620007220656,0.08812899992335588,1.5170214000390843,1.7212466000346467
G_rootsift,root_sift=False/d_az=90,highlands,affine,False,90.0,0.0,45.0,0.0,1.0,2890,2797,34,4,0.11764705882352941,0.8070862479518116,0.0,0.0,0.0,330.9368712613118,335.1284236693903,410.33368891996736,863.997815325591,1280.7907767108054,0.11764705882352941,0.49866498103001383,0.0625,0.33333333333333337,no_model_found,4.990312600042671,0.11479669995605946,0.08508400002028793,1.4709084999049082,1.6707891998812556
